Date,Open,High,Low,Close,Volume
2019/6/12,0.5761,0.5761,0.4916,0.4966,71187300
2019/6/13,0.5016,0.5214,0.4767,0.5016,21624000
2019/6/14,0.5016,0.5115,0.4916,0.4916,3563500
2019/6/17,0.4966,0.4966,0.432,0.437,30559000
2019/6/18,0.442,0.4668,0.4221,0.4469,27284200
2019/6/19,0.4519,0.4618,0.432,0.437,6465500
2019/6/20,0.442,0.4469,0.4271,0.437,11617800
2019/6/21,0.442,0.4569,0.432,0.442,14367600
2019/6/24,0.437,0.4519,0.437,0.437,2338100
2019/6/25,0.442,0.4519,0.432,0.442,4765400
2019/6/26,0.4469,0.4519,0.437,0.4519,4349000
2019/6/27,0.4519,0.4668,0.4469,0.4519,9782100
2019/6/28,0.4519,0.4519,0.4469,0.4469,1425400
2019/7/1,0.4519,0.4569,0.4469,0.4469,2588000
2019/7/2,0.4519,0.4519,0.442,0.442,3704700
2019/7/3,0.442,0.4469,0.442,0.442,977900
2019/7/4,0.442,0.4519,0.442,0.4519,1578100
2019/7/5,0.4469,0.4519,0.437,0.442,1423500
2019/7/8,0.437,0.442,0.432,0.432,1899800
2019/7/9,0.432,0.437,0.4171,0.4221,4241000
2019/7/10,0.4221,0.4221,0.4122,0.4171,3043300
2019/7/11,0.4171,0.437,0.4122,0.4271,4324200
2019/7/12,0.4271,0.437,0.4271,0.4271,2110300
2019/7/15,0.4271,0.4271,0.4171,0.4171,1771500
2019/7/16,0.4171,0.4221,0.4122,0.4171,1887400
2019/7/17,0.4122,0.4221,0.4122,0.4122,1220600
2019/7/18,0.4122,0.4122,0.4022,0.4022,1680200
2019/7/19,0.4022,0.4122,0.4022,0.4072,810700
2019/7/22,0.4072,0.4122,0.4022,0.4022,593500
2019/7/23,0.4022,0.4122,0.4022,0.4072,1243800
2019/7/24,0.4072,0.4072,0.3973,0.3973,398000
2019/7/25,0.3973,0.4022,0.3973,0.3973,690400
2019/7/26,0.3923,0.3923,0.3874,0.3923,561100
2019/7/29,0.3874,0.3973,0.3874,0.3923,782800
2019/7/31,0.3874,0.4022,0.3874,0.3923,736600
2019/8/1,0.3874,0.3973,0.3874,0.3874,229100
2019/8/2,0.3874,0.3874,0.3774,0.3774,811500
2019/8/5,0.3774,0.3874,0.3774,0.3774,348600
2019/8/6,0.3725,0.3725,0.3576,0.3725,938300
2019/8/7,0.3725,0.3725,0.3476,0.3476,808900
2019/8/8,0.3476,0.3576,0.3476,0.3576,264000
2019/8/9,0.3576,0.3576,0.3526,0.3576,387600
2019/8/13,0.3576,0.3576,0.3327,0.3427,1033300
2019/8/14,0.3427,0.3526,0.3377,0.3427,612500
2019/8/15,0.3377,0.3377,0.3278,0.3278,372900
2019/8/16,0.3278,0.3327,0.3278,0.3278,378600
2019/8/19,0.3278,0.3377,0.3278,0.3327,486000
2019/8/20,0.3327,0.3327,0.3278,0.3327,488500
2019/8/21,0.3278,0.3278,0.3228,0.3228,492200
2019/8/22,0.3228,0.3278,0.3228,0.3278,614600
2019/8/23,0.3228,0.3228,0.3178,0.3228,478300
2019/8/26,0.3228,0.3228,0.3178,0.3228,648100
2019/8/27,0.3228,0.3278,0.3228,0.3228,564000
2019/8/28,0.3228,0.3278,0.3178,0.3278,355600
2019/8/29,0.3278,0.3278,0.3228,0.3278,421400
2019/8/30,0.3278,0.3526,0.3278,0.3377,1583500
2019/9/3,0.3377,0.3427,0.3377,0.3427,286200
2019/9/4,0.3427,0.3476,0.3377,0.3427,1108400
2019/9/5,0.3427,0.3625,0.3377,0.3576,794900
2019/9/6,0.3675,0.3874,0.3675,0.3725,1612400
2019/9/10,0.3725,0.3725,0.3625,0.3625,219000
2019/9/11,0.3625,0.3774,0.3576,0.3625,515400
2019/9/12,0.3625,0.3675,0.3576,0.3625,230700
2019/9/13,0.3675,0.3675,0.3625,0.3625,25800
2019/9/17,0.3675,0.3725,0.3625,0.3625,160500
2019/9/18,0.3625,0.3625,0.3576,0.3625,219700
2019/9/19,0.3576,0.3576,0.3476,0.3476,176000
2019/9/20,0.3476,0.3476,0.3476,0.3476,49000
2019/9/23,0.3476,0.3526,0.3476,0.3526,140500
2019/9/24,0.3526,0.3625,0.3526,0.3526,47000
2019/9/25,0.3476,0.3476,0.3476,0.3476,603000
2019/9/26,0.3427,0.3476,0.3427,0.3476,228500
2019/9/27,0.3476,0.3476,0.3427,0.3427,15000
2019/9/30,0.3427,0.3576,0.3427,0.3476,51100
2019/10/1,0.3476,0.3476,0.3476,0.3476,15000
2019/10/2,0.3476,0.3526,0.3476,0.3526,73000
2019/10/3,0.3476,0.3476,0.3476,0.3476,156500
2019/10/4,0.3476,0.3526,0.3476,0.3476,46000
2019/10/7,0.3476,0.3476,0.3427,0.3427,92100
2019/10/8,0.3427,0.3427,0.3427,0.3427,54900
2019/10/9,0.3427,0.3476,0.3427,0.3476,437100
2019/10/10,0.3476,0.3526,0.3427,0.3526,502000
2019/10/11,0.3526,0.3526,0.3427,0.3526,103900
2019/10/14,0.3526,0.3526,0.3427,0.3427,123000
2019/10/15,0.3476,0.3476,0.3427,0.3476,206100
2019/10/16,0.3476,0.3526,0.3427,0.3476,1655400
2019/10/17,0.3476,0.3526,0.3427,0.3526,260000
2019/10/18,0.3526,0.3973,0.3526,0.3874,2191600
2019/10/21,0.3973,0.4122,0.3923,0.3973,1828200
2019/10/22,0.4022,0.4022,0.3774,0.3824,533600
2019/10/23,0.3774,0.3774,0.3675,0.3675,914600
2019/10/24,0.3675,0.3675,0.3576,0.3625,445600
2019/10/25,0.3576,0.3625,0.3576,0.3576,61100
2019/10/29,0.3576,0.3824,0.3576,0.3774,927900
2019/10/30,0.3824,0.3874,0.3725,0.3774,341800
2019/10/31,0.3774,0.3874,0.3774,0.3774,364000
2019/11/1,0.3725,0.3725,0.3625,0.3625,340600
2019/11/4,0.3625,0.3675,0.3625,0.3675,175000
2019/11/5,0.3625,0.3675,0.3625,0.3625,445400
2019/11/6,0.3675,0.3973,0.3675,0.3973,1500800
2019/11/7,0.4022,0.4171,0.4022,0.4122,1726200
2019/11/8,0.4122,0.4122,0.4022,0.4022,578000
2019/11/11,0.4022,0.4171,0.4022,0.4122,932900
2019/11/12,0.4122,0.442,0.4122,0.432,3259600
2019/11/13,0.437,0.437,0.4122,0.4122,1252200
2019/11/14,0.4122,0.4221,0.4072,0.4171,415300
2019/11/15,0.4171,0.4171,0.4072,0.4072,723500
2019/11/18,0.4072,0.4122,0.4022,0.4122,340600
2019/11/19,0.4122,0.4122,0.4022,0.4022,487300
2019/11/20,0.4072,0.4072,0.4072,0.4072,584300
2019/11/21,0.4072,0.4072,0.3923,0.4022,654300
2019/11/22,0.4022,0.4072,0.3973,0.3973,205600
2019/11/25,0.4022,0.4022,0.3923,0.3973,495900
2019/11/26,0.3973,0.3973,0.3973,0.3973,244600
2019/11/27,0.3973,0.3973,0.3874,0.3973,210800
2019/11/28,0.3874,0.3923,0.3874,0.3923,200900
2019/11/29,0.3973,0.4171,0.3973,0.4072,653000
2019/12/2,0.4072,0.4171,0.4072,0.4171,707700
2019/12/3,0.4221,0.4271,0.4122,0.4122,1190000
2019/12/4,0.4122,0.4171,0.4072,0.4122,272200
2019/12/5,0.4171,0.4221,0.4122,0.4122,264700
2019/12/6,0.4171,0.4171,0.4122,0.4171,250700
2019/12/9,0.4221,0.4221,0.4122,0.4171,49200
2019/12/10,0.4171,0.4171,0.4072,0.4122,211000
2019/12/11,0.4072,0.4072,0.3973,0.4022,390600
2019/12/12,0.4022,0.4022,0.3923,0.3973,171900
2019/12/13,0.3973,0.3973,0.3973,0.3973,125000
2019/12/16,0.3923,0.3973,0.3923,0.3973,102500
2019/12/17,0.3973,0.3973,0.3874,0.3874,385000
2019/12/18,0.3824,0.3824,0.3774,0.3774,953400
2019/12/19,0.3824,0.3874,0.3774,0.3824,159000
2019/12/20,0.3774,0.3774,0.3774,0.3774,610400
2019/12/23,0.3725,0.3824,0.3725,0.3725,278000
2019/12/24,0.3725,0.3824,0.3725,0.3774,553400
2019/12/26,0.3774,0.3774,0.3725,0.3725,64900
2019/12/27,0.3774,0.3923,0.3774,0.3824,1182400
2019/12/30,0.3874,0.3874,0.3824,0.3824,256500
2019/12/31,0.3824,0.3923,0.3824,0.3874,387800
2020/1/2,0.3874,0.3874,0.3824,0.3874,640100
2020/1/3,0.3923,0.4022,0.3923,0.3973,950600
2020/1/6,0.3973,0.3973,0.3923,0.3973,127000
2020/1/7,0.3973,0.3973,0.3973,0.3973,181900
2020/1/8,0.3973,0.3973,0.3874,0.3874,296400
2020/1/9,0.3923,0.3923,0.3923,0.3923,29000
2020/1/10,0.3874,0.4022,0.3874,0.3923,491000
2020/1/13,0.3923,0.4072,0.3923,0.4072,534000
2020/1/14,0.4072,0.4122,0.4072,0.4122,707600
2020/1/15,0.4122,0.4122,0.4072,0.4122,329200
2020/1/16,0.4122,0.4122,0.4022,0.4072,379500
2020/1/17,0.4072,0.4271,0.4072,0.4271,1535300
2020/1/20,0.4271,0.437,0.4171,0.4271,2446800
2020/1/21,0.437,0.437,0.4271,0.432,1213200
2020/1/22,0.432,0.442,0.432,0.437,1078800
2020/1/23,0.442,0.442,0.432,0.442,1059700
2020/1/24,0.437,0.442,0.437,0.442,575400
2020/1/28,0.432,0.437,0.4221,0.4221,1097100
2020/1/29,0.4221,0.437,0.4221,0.437,419800
2020/1/30,0.442,0.442,0.4271,0.432,651300
2020/1/31,0.432,0.432,0.4072,0.4072,791300
2020/2/3,0.3973,0.4221,0.3874,0.4221,619700
2020/2/4,0.4171,0.4221,0.4122,0.4221,385600
2020/2/5,0.4221,0.4221,0.4171,0.4221,298000
2020/2/6,0.4221,0.4221,0.4122,0.4122,402200
2020/2/7,0.4171,0.4171,0.4122,0.4171,287800
2020/2/10,0.4122,0.4171,0.4072,0.4171,744000
2020/2/11,0.4171,0.4171,0.3973,0.4171,505300
2020/2/12,0.4171,0.4171,0.4072,0.4072,347900
2020/2/13,0.4072,0.4122,0.4072,0.4072,457000
2020/2/14,0.4072,0.4171,0.4072,0.4171,276600
2020/2/17,0.4171,0.4171,0.4122,0.4171,250400
2020/2/18,0.4171,0.4171,0.4122,0.4171,369400
2020/2/19,0.4171,0.4171,0.4122,0.4122,258000
2020/2/20,0.4171,0.4171,0.4022,0.4171,867100
2020/2/21,0.4171,0.4171,0.4122,0.4171,262500
2020/2/24,0.4022,0.4072,0.3923,0.3973,1219900
2020/2/25,0.3874,0.3973,0.3874,0.3973,347500
2020/2/26,0.3973,0.3973,0.3973,0.3973,84700
2020/2/27,0.3923,0.3973,0.3923,0.3973,48000
2020/2/28,0.3874,0.3923,0.3774,0.3874,864200
2020/3/2,0.3774,0.3824,0.3774,0.3824,112900
2020/3/3,0.3874,0.3874,0.3774,0.3774,389600
2020/3/4,0.3774,0.3774,0.3725,0.3774,217000
2020/3/5,0.3774,0.3774,0.3725,0.3725,376100
2020/3/6,0.3824,0.3874,0.3725,0.3824,55300
2020/3/9,0.3675,0.3675,0.3427,0.3576,1430400
2020/3/10,0.3476,0.3675,0.3476,0.3675,358000
2020/3/11,0.3725,0.3725,0.3476,0.3526,642100
2020/3/12,0.3476,0.3476,0.3377,0.3427,404000
2020/3/13,0.3377,0.3427,0.3079,0.3377,722600
2020/3/16,0.3178,0.3178,0.298,0.3029,975700
2020/3/17,0.288,0.293,0.2781,0.2831,280000
2020/3/18,0.2831,0.2831,0.2781,0.2781,219000
2020/3/19,0.2731,0.2781,0.2582,0.2682,366100
2020/3/20,0.2682,0.2731,0.2682,0.2731,266100
2020/3/23,0.2682,0.2682,0.2582,0.2682,155000
2020/3/24,0.2731,0.2781,0.2731,0.2731,188000
2020/3/25,0.288,0.293,0.2731,0.2731,105500
2020/3/26,0.2731,0.2731,0.2682,0.2682,102700
2020/3/27,0.2731,0.293,0.2731,0.2781,209000
2020/3/30,0.2731,0.2781,0.2682,0.2781,110400
2020/3/31,0.2831,0.298,0.2781,0.293,592100
2020/4/1,0.3029,0.3079,0.293,0.293,94500
2020/4/2,0.293,0.298,0.293,0.293,87000
2020/4/3,0.3029,0.3029,0.3029,0.3029,2900
2020/4/6,0.293,0.3029,0.288,0.3029,595400
2020/4/7,0.3029,0.3129,0.3029,0.3129,341500
2020/4/8,0.298,0.298,0.298,0.298,285300
2020/4/9,0.298,0.3079,0.298,0.298,198600
2020/4/10,0.298,0.298,0.2831,0.2831,144000
2020/4/13,0.288,0.288,0.288,0.288,10000
2020/4/14,0.293,0.3079,0.293,0.3079,20000
2020/4/15,0.3079,0.3079,0.3029,0.3029,237000
2020/4/16,0.3029,0.3029,0.3029,0.3029,122400
2020/4/17,0.3029,0.3079,0.3029,0.3029,834900
2020/4/20,0.3029,0.3079,0.298,0.298,990700
2020/4/21,0.298,0.298,0.293,0.293,202000
2020/4/22,0.293,0.293,0.288,0.288,205400
2020/4/23,0.293,0.298,0.293,0.293,99000
2020/4/24,0.293,0.3029,0.293,0.3029,458800
2020/4/27,0.3079,0.3327,0.3079,0.3327,2340900
2020/4/28,0.3476,0.3526,0.3079,0.3228,1244600
2020/4/29,0.3278,0.3278,0.3129,0.3278,623000
2020/4/30,0.3228,0.3327,0.3228,0.3278,570500
2020/5/4,0.3278,0.3327,0.3228,0.3278,525300
2020/5/5,0.3327,0.3327,0.3278,0.3327,203900
2020/5/6,0.3327,0.3377,0.3327,0.3377,424800
2020/5/8,0.3377,0.3427,0.3327,0.3427,255700
2020/5/12,0.3427,0.3427,0.3327,0.3427,127500
2020/5/13,0.3377,0.3427,0.3327,0.3327,320600
2020/5/14,0.3327,0.3377,0.3327,0.3327,656200
2020/5/15,0.3327,0.3377,0.3278,0.3327,400700
2020/5/18,0.3377,0.3377,0.3278,0.3377,523500
2020/5/19,0.3377,0.3377,0.3278,0.3377,336200
2020/5/20,0.3278,0.3327,0.3228,0.3228,889700
2020/5/21,0.3228,0.3278,0.3228,0.3278,199800
2020/5/22,0.3278,0.3278,0.3228,0.3228,196200
2020/5/27,0.3228,0.3228,0.3178,0.3228,79500
2020/5/28,0.3278,0.3278,0.3178,0.3178,62700
2020/5/29,0.3178,0.3278,0.3178,0.3278,379600
2020/6/1,0.3178,0.3278,0.3178,0.3278,253200
2020/6/2,0.3278,0.3427,0.3278,0.3427,582200
2020/6/3,0.3476,0.3476,0.3327,0.3377,180300
2020/6/4,0.3377,0.3377,0.3327,0.3327,111000
2020/6/5,0.3327,0.3327,0.3278,0.3327,298300
2020/6/9,0.3377,0.3576,0.3278,0.3427,1139900
2020/6/10,0.3476,0.3526,0.3476,0.3526,27400
2020/6/11,0.3476,0.3675,0.3327,0.3327,255600
2020/6/12,0.3327,0.3576,0.3178,0.3576,648900
2020/6/15,0.3576,0.3576,0.3327,0.3327,498100
2020/6/16,0.3576,0.3576,0.3427,0.3476,122100
2020/6/17,0.3526,0.3526,0.3427,0.3427,143400
2020/6/18,0.3427,0.3427,0.3377,0.3377,35000
2020/6/19,0.3377,0.3377,0.3377,0.3377,10000
2020/6/22,0.3327,0.3327,0.3327,0.3327,30000
2020/6/23,0.3278,0.3278,0.3278,0.3278,75000
2020/6/24,0.3278,0.3278,0.3278,0.3278,110400
2020/6/25,0.3278,0.3278,0.3228,0.3228,61000
2020/6/26,0.3228,0.3476,0.3228,0.3476,72400
2020/6/29,0.3377,0.3377,0.3377,0.3377,4000
2020/7/2,0.3278,0.3327,0.3278,0.3278,68000
2020/7/3,0.3278,0.3278,0.3278,0.3278,105000
2020/7/6,0.3278,0.3327,0.3278,0.3327,105800
2020/7/8,0.3278,0.3278,0.3029,0.3278,160600
2020/7/9,0.3278,0.3327,0.3278,0.3327,194400
2020/7/10,0.3228,0.3228,0.3178,0.3178,17500
2020/7/13,0.3178,0.3377,0.3178,0.3377,38000
2020/7/14,0.3178,0.3178,0.3178,0.3178,13000
2020/7/15,0.3178,0.3178,0.3178,0.3178,30000
2020/7/16,0.3178,0.3178,0.3178,0.3178,3000
2020/7/17,0.3278,0.3278,0.3278,0.3278,19000
2020/7/21,0.3178,0.3278,0.3178,0.3178,43000
2020/7/22,0.3178,0.3228,0.3178,0.3178,115000
2020/7/23,0.3228,0.3327,0.3228,0.3327,222000
2020/7/24,0.3327,0.3377,0.3278,0.3377,196000
2020/7/27,0.3327,0.3327,0.3327,0.3327,118000
2020/7/28,0.3327,0.3327,0.3327,0.3327,50300
2020/7/29,0.3327,0.3327,0.3327,0.3327,95000
2020/7/30,0.3327,0.3327,0.3278,0.3327,79800
2020/8/3,0.3278,0.3278,0.3079,0.3129,1230800
2020/8/4,0.3129,0.3178,0.3079,0.3079,797100
2020/8/5,0.3079,0.3178,0.3079,0.3129,543000
2020/8/6,0.3178,0.3278,0.3079,0.3079,620000
2020/8/7,0.3129,0.3476,0.3129,0.3228,2302400
2020/8/10,0.3476,0.3526,0.3327,0.3327,1361000
2020/8/11,0.3327,0.3526,0.3327,0.3377,639000
2020/8/12,0.3278,0.3327,0.3228,0.3278,721700
2020/8/13,0.3427,0.3427,0.3278,0.3327,176000
2020/8/14,0.3278,0.3327,0.3228,0.3228,282000
2020/8/17,0.3228,0.3278,0.3178,0.3278,220600
2020/8/18,0.3228,0.3278,0.3178,0.3178,66000
2020/8/19,0.3178,0.3228,0.3178,0.3178,185000
2020/8/21,0.3228,0.3228,0.3178,0.3228,58600
2020/8/24,0.3278,0.3278,0.3228,0.3228,169000
2020/8/25,0.3228,0.3228,0.3228,0.3228,95000
2020/8/26,0.3278,0.3327,0.3278,0.3327,236300
2020/8/27,0.3377,0.3427,0.3327,0.3377,404900
2020/8/28,0.3377,0.3476,0.3327,0.3377,374400
2020/9/1,0.3476,0.3476,0.3377,0.3427,195100
2020/9/2,0.3476,0.3476,0.3427,0.3476,86100
2020/9/3,0.3427,0.3476,0.3427,0.3427,265200
2020/9/4,0.3377,0.3476,0.3377,0.3427,186600
2020/9/7,0.3427,0.3427,0.3377,0.3427,539000
2020/9/8,0.3427,0.3427,0.3377,0.3427,77000
2020/9/9,0.3327,0.3377,0.3327,0.3327,31300
2020/9/10,0.3377,0.3427,0.3327,0.3327,129500
2020/9/11,0.3327,0.3327,0.3327,0.3327,10100
2020/9/14,0.3377,0.3427,0.3377,0.3427,73700
2020/9/15,0.3427,0.3427,0.3377,0.3427,121100
2020/9/17,0.3427,0.3427,0.3427,0.3427,59700
2020/9/18,0.3377,0.3377,0.3327,0.3327,395900
2020/9/21,0.3327,0.3327,0.3278,0.3278,24000
2020/9/22,0.3278,0.3377,0.3278,0.3377,69800
2020/9/23,0.3278,0.3327,0.3278,0.3327,55000
2020/9/24,0.3377,0.3377,0.3278,0.3278,114800
2020/9/25,0.3278,0.3327,0.3278,0.3278,420000
2020/9/29,0.3278,0.3427,0.3278,0.3377,603100
2020/9/30,0.3327,0.3327,0.3327,0.3327,126000
2020/10/1,0.3377,0.3377,0.3278,0.3278,145500
2020/10/2,0.3327,0.3327,0.3278,0.3278,30000
2020/10/5,0.3278,0.3327,0.3278,0.3327,31500
2020/10/6,0.3377,0.3377,0.3327,0.3327,247000
2020/10/7,0.3278,0.3327,0.3228,0.3327,133000
2020/10/8,0.3327,0.3327,0.3327,0.3327,82400
2020/10/9,0.3377,0.3427,0.3327,0.3427,250200
2020/10/12,0.3427,0.3427,0.3327,0.3377,503900
2020/10/13,0.3327,0.3377,0.3327,0.3377,1740000
2020/10/14,0.3427,0.3725,0.3427,0.3476,5134600
2020/10/15,0.3427,0.3675,0.3427,0.3576,1357500
2020/10/16,0.3625,0.3923,0.3576,0.3824,4392800
2020/10/19,0.3923,0.4072,0.3774,0.3923,5043600
2020/10/20,0.3824,0.3874,0.3725,0.3725,1253200
2020/10/21,0.3675,0.3725,0.3576,0.3576,997000
2020/10/22,0.3576,0.3625,0.3476,0.3526,885400
2020/10/23,0.3576,0.3576,0.3427,0.3427,673100
2020/10/26,0.3427,0.3476,0.3377,0.3377,372800
2020/10/27,0.3377,0.3576,0.3377,0.3526,896500
2020/10/28,0.3576,0.3576,0.3427,0.3427,447600
2020/10/30,0.3377,0.3427,0.3377,0.3377,350700
2020/11/2,0.3377,0.3377,0.3278,0.3278,319200
2020/11/3,0.3327,0.3427,0.3327,0.3427,110100
2020/11/4,0.3278,0.3476,0.3278,0.3427,194000
2020/11/5,0.3377,0.3476,0.3377,0.3476,105000
2020/11/6,0.3476,0.3476,0.3377,0.3377,208700
2020/11/9,0.3377,0.3774,0.3377,0.3774,1691900
2020/11/10,0.3774,0.3774,0.3476,0.3576,911400
2020/11/11,0.3576,0.3675,0.3576,0.3625,373900
2020/11/12,0.3675,0.3774,0.3675,0.3774,741300
2020/11/13,0.3774,0.3824,0.3675,0.3774,449000
2020/11/16,0.3774,0.3774,0.3675,0.3725,500200
2020/11/17,0.3725,0.3725,0.3675,0.3675,698400
2020/11/18,0.3725,0.3725,0.3675,0.3675,648800
2020/11/19,0.3675,0.3725,0.3675,0.3725,404700
2020/11/20,0.3774,0.3824,0.3725,0.3774,501400
2020/11/23,0.3774,0.3824,0.3675,0.3675,494700
2020/11/24,0.3675,0.3725,0.3625,0.3675,376300
2020/11/25,0.3725,0.3774,0.3675,0.3675,443000
2020/11/26,0.3675,0.3725,0.3675,0.3675,181000
2020/11/27,0.3625,0.3675,0.3576,0.3625,208700
2020/11/30,0.3625,0.3725,0.3625,0.3725,100500
2020/12/1,0.3725,0.3725,0.3725,0.3725,86400
2020/12/2,0.3774,0.3973,0.3774,0.3973,2089300
2020/12/3,0.3923,0.4171,0.3923,0.4072,2814600
2020/12/4,0.4122,0.4171,0.3923,0.3923,1540400
2020/12/7,0.3973,0.4022,0.3874,0.3923,585500
2020/12/8,0.3923,0.3923,0.3874,0.3923,418700
2020/12/9,0.3973,0.3973,0.3923,0.3973,718100
2020/12/10,0.3973,0.4122,0.3923,0.4072,1389100
2020/12/11,0.4072,0.4072,0.4022,0.4072,885800
2020/12/14,0.4122,0.4122,0.3973,0.3973,700600
2020/12/15,0.3973,0.3973,0.3923,0.3973,123200
2020/12/16,0.4022,0.4072,0.3973,0.3973,120500
2020/12/17,0.4022,0.4022,0.3973,0.3973,217200
2020/12/18,0.3923,0.4022,0.3923,0.4022,314000
2020/12/21,0.4022,0.4022,0.3973,0.3973,155200
2020/12/22,0.3973,0.3973,0.3874,0.3874,380900
2020/12/23,0.3874,0.3923,0.3874,0.3923,120700
2020/12/24,0.3923,0.3923,0.3923,0.3923,125300
2020/12/28,0.3923,0.3973,0.3923,0.3973,190700
2020/12/29,0.3923,0.3973,0.3923,0.3973,276500
2020/12/30,0.3923,0.3923,0.3923,0.3923,155300
2020/12/31,0.3923,0.3973,0.3923,0.3923,216300
2021/1/4,0.3923,0.3923,0.3874,0.3923,356000
2021/1/5,0.3973,0.432,0.3973,0.432,3013600
2021/1/6,0.432,0.4718,0.4171,0.4171,7497700
2021/1/7,0.4171,0.432,0.4122,0.432,783700
2021/1/8,0.432,0.4519,0.4122,0.4122,1892300
2021/1/11,0.4122,0.4122,0.3973,0.4072,1005700
2021/1/12,0.4072,0.4122,0.3973,0.4072,1073100
2021/1/13,0.4122,0.442,0.4122,0.442,967800
2021/1/14,0.442,0.4668,0.437,0.4668,2930500
2021/1/15,0.4668,0.4817,0.4618,0.4668,3674600
2021/1/18,0.4668,0.4916,0.4569,0.4916,3802100
2021/1/19,0.4916,0.5065,0.4767,0.4767,4367800
2021/1/20,0.4817,0.4966,0.4817,0.4916,971700
2021/1/21,0.4916,0.5264,0.4916,0.5264,5617500
2021/1/22,0.5264,0.5314,0.5016,0.5165,2451500
2021/1/25,0.5115,0.5115,0.4916,0.4916,1861200
2021/1/26,0.4916,0.5065,0.4916,0.4916,660700
2021/1/27,0.4916,0.5016,0.4916,0.4966,426400
2021/1/29,0.4916,0.4916,0.4718,0.4767,1507200
2021/2/2,0.4767,0.5115,0.4767,0.5065,1478800
2021/2/3,0.5165,0.5214,0.5065,0.5165,1109200
2021/2/4,0.5165,0.5165,0.4966,0.5016,786500
2021/2/5,0.5115,0.5115,0.4966,0.5016,501600
2021/2/8,0.5016,0.5016,0.4916,0.4966,454100
2021/2/9,0.4966,0.5065,0.4966,0.5016,473000
2021/2/10,0.4966,0.5016,0.4966,0.4966,178200
2021/2/11,0.4966,0.4966,0.4916,0.4966,65000
2021/2/15,0.5065,0.5065,0.4916,0.5065,497500
2021/2/16,0.5065,0.5413,0.5065,0.5413,4905600
2021/2/17,0.5463,0.5562,0.5314,0.5363,3146300
2021/2/18,0.5413,0.5562,0.5363,0.5463,3022700
2021/2/19,0.5512,0.5512,0.4916,0.4966,4388400
2021/2/22,0.4966,0.5016,0.4767,0.4767,2418400
2021/2/23,0.4916,0.5016,0.4817,0.5016,1987600
2021/2/24,0.5065,0.5115,0.4817,0.4867,1114800
2021/2/25,0.4867,0.5016,0.4867,0.4966,1223300
2021/2/26,0.4867,0.5016,0.4817,0.4916,1309300
2021/3/1,0.4867,0.4966,0.4817,0.4867,1059400
2021/3/2,0.4916,0.4916,0.4767,0.4767,907900
2021/3/3,0.4767,0.4817,0.4718,0.4767,949500
2021/3/4,0.4767,0.4817,0.4718,0.4767,904100
2021/3/5,0.4767,0.4767,0.4618,0.4668,1110500
2021/3/8,0.4618,0.4767,0.4519,0.4519,1105300
2021/3/9,0.4519,0.4569,0.4469,0.4469,775400
2021/3/10,0.4668,0.4718,0.4469,0.4519,888400
2021/3/11,0.4569,0.4569,0.4469,0.4519,720000
2021/3/12,0.4519,0.4817,0.4519,0.4767,746600
2021/3/15,0.4767,0.4966,0.4767,0.4966,1244500
2021/3/16,0.5016,0.5016,0.4916,0.4966,862800
2021/3/17,0.5016,0.5363,0.5016,0.5363,6518400
2021/3/18,0.5363,0.5363,0.5115,0.5214,1278500
2021/3/19,0.5115,0.5264,0.5115,0.5214,1097100
2021/3/22,0.5214,0.5314,0.5214,0.5214,837500
2021/3/23,0.5214,0.5264,0.5165,0.5165,618700
2021/3/24,0.5115,0.5165,0.5065,0.5165,831000
2021/3/25,0.5165,0.5413,0.5165,0.5413,2117400
2021/3/26,0.5661,0.6654,0.5612,0.6059,49080800
2021/3/29,0.6108,0.6257,0.5761,0.6009,3881800
2021/3/30,0.6009,0.6456,0.591,0.6456,6345400
2021/3/31,0.6456,0.6654,0.6257,0.6307,5568700
2021/4/1,0.6357,0.6605,0.6307,0.6357,1441700
2021/4/2,0.6307,0.6456,0.6208,0.6208,1369400
2021/4/5,0.6208,0.6307,0.6009,0.6257,1231400
2021/4/6,0.6357,0.6357,0.6108,0.6158,871200
2021/4/7,0.6158,0.6257,0.6059,0.6158,837700
2021/4/8,0.6158,0.6208,0.6108,0.6158,543300
2021/4/9,0.6158,0.6605,0.6158,0.6605,5879900
2021/4/12,0.6654,0.6654,0.6406,0.6456,2335900
2021/4/13,0.6456,0.6456,0.6208,0.6257,1362000
2021/4/14,0.6208,0.6357,0.6158,0.6257,1264900
2021/4/15,0.6257,0.6257,0.6059,0.6059,830000
2021/4/16,0.6059,0.6208,0.6059,0.6158,650000
2021/4/19,0.6208,0.6257,0.6059,0.6158,523300
2021/4/20,0.6158,0.6158,0.6059,0.6108,447300
2021/4/21,0.6059,0.6108,0.586,0.591,1814600
2021/4/22,0.591,0.6009,0.586,0.5959,742100
2021/4/23,0.5959,0.6357,0.5959,0.6357,1580800
2021/4/26,0.6406,0.6505,0.6257,0.6307,1366300
2021/4/27,0.6357,0.6357,0.6158,0.6158,610500
2021/4/28,0.6108,0.6158,0.6108,0.6158,351300
2021/4/30,0.6158,0.6208,0.6158,0.6208,329300
2021/5/3,0.6208,0.6406,0.6208,0.6257,989700
2021/5/4,0.6257,0.6257,0.6108,0.6158,308700
2021/5/5,0.6158,0.6158,0.6059,0.6059,460500
2021/5/6,0.6009,0.6009,0.586,0.5959,1146800
2021/5/7,0.5959,0.6208,0.5959,0.6108,193900
2021/5/10,0.6059,0.6108,0.5959,0.6108,236700
2021/5/11,0.6108,0.6108,0.591,0.6009,815300
2021/5/12,0.5959,0.5959,0.591,0.5959,180500
2021/5/17,0.5959,0.5959,0.5463,0.5761,1532300
2021/5/18,0.5761,0.5761,0.5463,0.5661,1026500
2021/5/19,0.5661,0.5761,0.5463,0.5562,906500
2021/5/20,0.5512,0.5661,0.5363,0.5413,927900
2021/5/21,0.5463,0.5512,0.5165,0.5413,1223800
2021/5/24,0.5413,0.5612,0.5413,0.5612,452300
2021/5/25,0.5661,0.586,0.5661,0.5761,341600
2021/5/27,0.586,0.586,0.5612,0.5761,228100
2021/5/28,0.5761,0.5761,0.5562,0.5562,166700
2021/5/31,0.5512,0.5512,0.5363,0.5463,365400
2021/6/1,0.5463,0.5562,0.5413,0.5562,275200
2021/6/2,0.5562,0.5711,0.5562,0.5661,269900
2021/6/3,0.5661,0.5711,0.5612,0.5612,167500
2021/6/4,0.5562,0.5661,0.5562,0.5612,77200
2021/6/8,0.5612,0.5761,0.5562,0.5711,241800
2021/6/9,0.5661,0.5661,0.5562,0.5562,188300
2021/6/10,0.586,0.586,0.5512,0.5661,240700
2021/6/11,0.5512,0.5761,0.5512,0.5562,54600
2021/6/14,0.5562,0.5612,0.5463,0.5612,107200
2021/6/15,0.5562,0.5612,0.5562,0.5612,58100
2021/6/16,0.5661,0.5661,0.5562,0.5612,47800
2021/6/17,0.5612,0.5612,0.5562,0.5612,134900
2021/6/18,0.5612,0.5612,0.5562,0.5612,70000
2021/6/21,0.5562,0.5562,0.5463,0.5512,256000
2021/6/22,0.5512,0.5512,0.5363,0.5363,418700
2021/6/23,0.5363,0.5413,0.5363,0.5413,103000
2021/6/24,0.5413,0.5413,0.5165,0.5214,498500
2021/6/25,0.5264,0.5264,0.5065,0.5065,416200
2021/6/28,0.5165,0.5165,0.4817,0.4966,516400
2021/6/29,0.4916,0.4966,0.4916,0.4916,261900
2021/6/30,0.4966,0.4966,0.4817,0.4867,444000
2021/7/1,0.4867,0.5165,0.4817,0.4867,200800
2021/7/2,0.4867,0.4966,0.4767,0.4966,200000
2021/7/5,0.4867,0.4966,0.4767,0.4867,157800
2021/7/6,0.4966,0.5115,0.4867,0.4867,67700
2021/7/7,0.4916,0.5016,0.4817,0.4916,200100
2021/7/8,0.4867,0.4867,0.4718,0.4767,473300
2021/7/9,0.4817,0.4916,0.4817,0.4867,78500
2021/7/12,0.4916,0.4916,0.4817,0.4867,149400
2021/7/13,0.4867,0.4867,0.4718,0.4767,174500
2021/7/14,0.4767,0.4767,0.4668,0.4718,242300
2021/7/15,0.4718,0.4767,0.4668,0.4767,76600
2021/7/16,0.4668,0.4718,0.4668,0.4668,210200
2021/7/19,0.4668,0.4718,0.4618,0.4668,148700
2021/7/21,0.4668,0.4718,0.4668,0.4668,189700
2021/7/22,0.4767,0.4916,0.4718,0.4867,142000
2021/7/23,0.4867,0.5016,0.4867,0.4966,104600
2021/7/26,0.5016,0.5562,0.5016,0.5264,991800
2021/7/27,0.5314,0.5314,0.5214,0.5214,247100
2021/7/28,0.5165,0.5165,0.5016,0.5065,102700
2021/7/29,0.5065,0.5165,0.4966,0.5016,156500
2021/7/30,0.5016,0.5165,0.5016,0.5065,89900
2021/8/2,0.5016,0.5065,0.5016,0.5065,129900
2021/8/3,0.5065,0.5115,0.5065,0.5115,93900
2021/8/4,0.5065,0.5115,0.4966,0.5065,148300
2021/8/5,0.4916,0.4966,0.4916,0.4966,24800
2021/8/6,0.4966,0.5016,0.4966,0.4966,28300
2021/8/9,0.4966,0.4966,0.4867,0.4867,173800
2021/8/11,0.4916,0.5016,0.4916,0.4916,223300
2021/8/12,0.4966,0.4966,0.4867,0.4867,266500
2021/8/13,0.4867,0.4966,0.4867,0.4966,158300
2021/8/16,0.4767,0.4916,0.4767,0.4817,231500
2021/8/17,0.4867,0.4966,0.4867,0.4916,415600
2021/8/18,0.4867,0.4916,0.4867,0.4916,162000
2021/8/19,0.4867,0.4966,0.4867,0.4916,263100
2021/8/20,0.4916,0.4916,0.4916,0.4916,111200
2021/8/23,0.4966,0.5314,0.4966,0.5264,1195600
2021/8/24,0.5363,0.5413,0.5165,0.5264,593000
2021/8/25,0.5314,0.581,0.5214,0.5761,2928600
2021/8/26,0.5761,0.581,0.5562,0.5761,1282900
2021/8/27,0.5761,0.5761,0.5512,0.5512,374400
2021/8/30,0.5463,0.5562,0.5264,0.5363,825700
2021/9/1,0.5363,0.5959,0.5363,0.5959,4278100
2021/9/2,0.5959,0.5959,0.5661,0.5761,1051900
2021/9/3,0.5761,0.5761,0.5612,0.5711,803300
2021/9/6,0.5761,0.581,0.5661,0.5761,508000
2021/9/7,0.581,0.581,0.5711,0.5711,462800
2021/9/8,0.5761,0.581,0.5661,0.5761,548800
2021/9/9,0.5761,0.6108,0.5761,0.6059,3394600
2021/9/10,0.6059,0.6108,0.581,0.581,1822400
2021/9/13,0.586,0.6108,0.5761,0.6108,2657000
2021/9/14,0.6158,0.6158,0.581,0.586,904500
2021/9/15,0.591,0.6059,0.581,0.5959,1634300
2021/9/17,0.6059,0.6059,0.586,0.5959,877500
2021/9/20,0.5959,0.6059,0.5711,0.5711,1376700
2021/9/21,0.5562,0.591,0.5562,0.5761,887000
2021/9/22,0.5761,0.591,0.5711,0.586,798500
2021/9/23,0.586,0.591,0.5711,0.5761,668900
2021/9/24,0.5761,0.591,0.5711,0.581,500800
2021/9/27,0.581,0.581,0.5711,0.5711,325600
2021/9/28,0.5661,0.586,0.5661,0.5761,745800
2021/9/29,0.5711,0.5761,0.5562,0.5562,735700
2021/9/30,0.5612,0.586,0.5562,0.5761,488000
2021/10/1,0.5612,0.5761,0.5512,0.5661,543500
2021/10/4,0.5612,0.591,0.5612,0.586,867200
2021/10/5,0.586,0.6853,0.586,0.6754,29360000
2021/10/6,0.6853,0.725,0.6406,0.6456,31036800
2021/10/7,0.6555,0.7002,0.6357,0.6803,9213300
2021/10/8,0.6853,0.6903,0.6654,0.6654,4312100
2021/10/11,0.6654,0.7052,0.6406,0.6803,8591600
2021/10/12,0.6853,0.6952,0.6654,0.6704,2899000
2021/10/13,0.6754,0.7548,0.6704,0.7201,33192300
2021/10/14,0.7201,0.735,0.7002,0.7052,5554600
2021/10/15,0.7151,0.7151,0.6853,0.6903,3086200
2021/10/18,0.6952,0.6952,0.6307,0.6307,10005900
2021/10/20,0.6307,0.6555,0.6208,0.6357,3607200
2021/10/21,0.6357,0.6555,0.6208,0.6208,3686000
2021/10/22,0.6208,0.6307,0.6158,0.6257,1533500
2021/10/25,0.6307,0.6754,0.6307,0.6456,5484300
2021/10/26,0.6605,0.6803,0.6505,0.6505,3433100
2021/10/27,0.6505,0.6605,0.6257,0.6257,1509700
2021/10/28,0.6357,0.6357,0.5959,0.6059,5064500
2021/10/29,0.6059,0.6208,0.6009,0.6158,1506600
2021/11/1,0.6059,0.6257,0.5959,0.6108,2248000
2021/11/2,0.6158,0.6456,0.6158,0.6257,4321800
2021/11/3,0.6307,0.6357,0.6158,0.6158,1406800
2021/11/5,0.6208,0.6208,0.6108,0.6208,723700
2021/11/8,0.6208,0.6257,0.6108,0.6108,1107200
2021/11/9,0.6108,0.6605,0.6108,0.6555,7253900
2021/11/10,0.6605,0.7151,0.6555,0.6754,25850200
2021/11/11,0.6803,0.6952,0.6605,0.6803,2937400
2021/11/12,0.6704,0.6754,0.6654,0.6654,1798100
2021/11/15,0.6654,0.6803,0.6406,0.6654,4282900
2021/11/16,0.6654,0.6754,0.6505,0.6555,1475000
2021/11/17,0.6555,0.6555,0.6059,0.6208,3130500
2021/11/18,0.6108,0.6307,0.6108,0.6257,1736600
2021/11/19,0.6257,0.6307,0.6108,0.6257,1242700
2021/11/22,0.6208,0.6456,0.6208,0.6357,1400800
2021/11/23,0.6654,0.6952,0.6654,0.6754,9832700
2021/11/24,0.6754,0.6754,0.6357,0.6456,1653100
2021/11/25,0.6456,0.6704,0.6406,0.6555,1921300
2021/11/26,0.6605,0.6605,0.6208,0.6307,2351700
2021/11/29,0.6158,0.6257,0.5959,0.6158,2461000
2021/11/30,0.6208,0.6406,0.6208,0.6357,1152800
2021/12/1,0.6357,0.6406,0.6257,0.6357,374800
2021/12/2,0.6307,0.6406,0.6257,0.6357,628600
2021/12/6,0.6307,0.6307,0.6158,0.6257,958900
2021/12/7,0.6208,0.6555,0.6208,0.6555,2464800
2021/12/8,0.6605,0.6803,0.6406,0.6704,3413600
2021/12/9,0.6803,0.6903,0.6456,0.6555,2555500
2021/12/10,0.6505,0.6754,0.6456,0.6605,1741300
2021/12/13,0.6704,0.6952,0.6605,0.6952,9483200
2021/12/14,0.6903,0.7101,0.6704,0.6803,9183600
2021/12/15,0.6803,0.7101,0.6754,0.7052,5376300
2021/12/16,0.7052,0.725,0.6853,0.6903,8436700
2021/12/17,0.6803,0.7002,0.6803,0.6903,1804600
2021/12/20,0.6853,0.6903,0.6704,0.6803,1551100
2021/12/21,0.6704,0.6803,0.6257,0.6307,7388500
2021/12/22,0.6307,0.6505,0.6257,0.6307,2008200
2021/12/23,0.6406,0.6505,0.6357,0.6505,1238700
2021/12/24,0.6505,0.6505,0.6307,0.6456,2223800
2021/12/27,0.6456,0.6505,0.6406,0.6456,502700
2021/12/28,0.6505,0.6803,0.6505,0.6704,2976700
2021/12/29,0.6754,0.6903,0.6704,0.6853,2341200
2021/12/30,0.6803,0.6952,0.6754,0.6803,1705600
2021/12/31,0.6803,0.6803,0.6654,0.6803,608900
2022/1/3,0.6704,0.6853,0.6654,0.6853,1295400
2022/1/4,0.6952,0.7101,0.6903,0.7052,6460800
2022/1/5,0.7002,0.7101,0.6903,0.7101,1843100
2022/1/6,0.7002,0.735,0.6952,0.73,4967800
2022/1/7,0.73,0.7399,0.7151,0.7151,3217500
2022/1/10,0.7201,0.735,0.7151,0.7201,2340400
2022/1/11,0.7101,0.7101,0.6555,0.6704,6926700
2022/1/12,0.6754,0.6952,0.6754,0.6803,1702300
2022/1/13,0.6853,0.6903,0.6555,0.6654,1570600
2022/1/14,0.6555,0.6605,0.6456,0.6456,2713100
2022/1/17,0.6456,0.6605,0.6307,0.6555,1822900
2022/1/19,0.6456,0.6605,0.6406,0.6505,721300
2022/1/20,0.6555,0.6853,0.6505,0.6853,3163000
2022/1/21,0.6803,0.6903,0.6654,0.6654,1770100
2022/1/24,0.6654,0.6952,0.6605,0.6903,3260600
2022/1/25,0.6903,0.6903,0.6505,0.6555,2196300
2022/1/26,0.6605,0.6754,0.6555,0.6754,1164000
2022/1/27,0.6754,0.6754,0.6456,0.6505,1614100
2022/1/28,0.6605,0.6605,0.6505,0.6505,500000
2022/1/31,0.6456,0.6605,0.6456,0.6605,534600
2022/2/3,0.6605,0.6754,0.6505,0.6605,1012200
2022/2/4,0.6605,0.6903,0.6555,0.6853,2407400
2022/2/7,0.6853,0.7052,0.6803,0.6903,4036100
2022/2/8,0.6903,0.7052,0.6803,0.7052,1612100
2022/2/9,0.7052,0.7151,0.6853,0.7002,2388600
2022/2/10,0.6952,0.7101,0.6903,0.6952,1299300
2022/2/11,0.6853,0.7002,0.6853,0.6903,892900
2022/2/14,0.6803,0.7052,0.6754,0.7052,2242400
2022/2/15,0.7101,0.7101,0.6704,0.6704,3565100
2022/2/16,0.6754,0.7052,0.6754,0.7052,2977000
2022/2/17,0.7052,0.725,0.6952,0.7201,4676700
2022/2/18,0.7201,0.725,0.7101,0.7101,2044500
2022/2/21,0.7052,0.7052,0.6754,0.6803,1880100
2022/2/22,0.6754,0.6754,0.6208,0.6208,8285000
2022/2/23,0.6307,0.6505,0.6257,0.6406,3308700
2022/2/24,0.6357,0.6406,0.586,0.6009,5976200
2022/2/25,0.6208,0.6307,0.6059,0.6108,1420400
2022/2/28,0.6108,0.6108,0.5959,0.6009,1131600
2022/3/1,0.5711,0.5761,0.5463,0.5612,7861900
2022/3/2,0.5562,0.5612,0.5314,0.5363,3028800
2022/3/3,0.5363,0.5512,0.5214,0.5264,1823900
2022/3/4,0.5214,0.5264,0.4966,0.5214,2249400
2022/3/7,0.5214,0.5214,0.4867,0.4916,2102500
2022/3/8,0.4867,0.5115,0.4767,0.4966,1579600
2022/3/9,0.4966,0.5314,0.4966,0.5214,994500
2022/3/10,0.5314,0.5314,0.5016,0.5115,754600
2022/3/11,0.505,0.52,0.505,0.515,225700
2022/3/14,0.515,0.52,0.505,0.51,620400
2022/3/15,0.51,0.51,0.49,0.49,1000700
2022/3/16,0.495,0.51,0.49,0.505,463100
2022/3/17,0.515,0.525,0.505,0.505,797000
2022/3/18,0.505,0.515,0.505,0.51,160700
2022/3/21,0.51,0.54,0.505,0.53,919600
2022/3/22,0.52,0.545,0.52,0.53,870300
2022/3/23,0.535,0.545,0.53,0.54,696800
2022/3/24,0.54,0.55,0.53,0.54,410500
2022/3/25,0.54,0.555,0.54,0.54,292500
2022/3/28,0.54,0.545,0.53,0.535,245800
2022/3/29,0.535,0.535,0.53,0.535,39400
2022/3/30,0.535,0.535,0.525,0.525,399600
2022/3/31,0.525,0.535,0.525,0.525,192400
2022/4/1,0.525,0.535,0.525,0.535,162200
2022/4/4,0.535,0.54,0.53,0.54,270100
2022/4/5,0.54,0.57,0.54,0.565,1555200
2022/4/6,0.565,0.585,0.55,0.57,1952100
2022/4/7,0.575,0.575,0.56,0.57,367200
2022/4/8,0.57,0.575,0.55,0.55,595700
2022/4/11,0.555,0.555,0.545,0.545,562200
2022/4/12,0.545,0.57,0.54,0.56,621600
2022/4/13,0.56,0.565,0.555,0.56,327900
2022/4/14,0.565,0.565,0.545,0.545,590500
2022/4/15,0.545,0.55,0.54,0.545,302900
2022/4/18,0.54,0.54,0.525,0.54,497600
2022/4/20,0.54,0.545,0.53,0.54,218800
2022/4/21,0.535,0.545,0.53,0.54,335300
2022/4/22,0.54,0.54,0.53,0.54,233500
2022/4/25,0.53,0.53,0.525,0.53,241500
2022/4/26,0.53,0.53,0.525,0.53,156100
2022/4/27,0.525,0.535,0.525,0.535,122300
2022/4/28,0.535,0.535,0.535,0.535,23000
2022/4/29,0.54,0.54,0.53,0.535,20900
2022/5/5,0.535,0.535,0.535,0.535,358200
2022/5/6,0.535,0.535,0.53,0.53,178100
2022/5/9,0.525,0.525,0.515,0.515,159500
2022/5/10,0.515,0.515,0.51,0.51,536300
2022/5/11,0.505,0.535,0.505,0.525,77800
2022/5/12,0.505,0.505,0.5,0.5,273800
2022/5/13,0.5,0.515,0.495,0.5,103900
2022/5/17,0.5,0.51,0.49,0.5,225000
2022/5/18,0.51,0.51,0.5,0.51,148700
2022/5/19,0.505,0.52,0.5,0.52,424200
2022/5/20,0.525,0.525,0.515,0.52,91900
2022/5/23,0.52,0.52,0.515,0.52,177000
2022/5/24,0.52,0.52,0.51,0.51,154600
2022/5/25,0.515,0.52,0.5,0.5,205400
2022/5/26,0.5,0.505,0.495,0.5,155800
2022/5/27,0.5,0.505,0.5,0.5,66500
2022/5/30,0.495,0.495,0.47,0.475,830800
2022/5/31,0.47,0.485,0.46,0.485,380300
