Date	Open	High	Low	Close	Volume
2016/5/18	0.865	0.865	0.815	0.825	74028900
2016/5/19	0.82	0.835	0.81	0.825	8383000
2016/5/20	0.815	0.815	0.79	0.8	8009300
2016/5/23	0.805	0.805	0.78	0.795	4938700
2016/5/24	0.795	0.795	0.77	0.775	6881400
2016/5/25	0.775	0.795	0.775	0.79	4698000
2016/5/26	0.785	0.79	0.78	0.79	3212700
2016/5/27	0.785	0.815	0.78	0.81	5527800
2016/5/30	0.81	0.815	0.785	0.785	2698600
2016/5/31	0.785	0.805	0.785	0.805	1142300
2016/6/1	0.8	0.805	0.79	0.79	870100
2016/6/2	0.795	0.84	0.795	0.835	10457000
2016/6/3	0.835	0.915	0.835	0.905	32940600
2016/6/6	0.9	0.915	0.86	0.87	10837300
2016/6/7	0.865	0.925	0.865	0.915	12663100
2016/6/8	0.905	0.91	0.885	0.89	4636400
2016/6/9	0.89	0.91	0.88	0.905	7018400
2016/6/10	0.9	0.93	0.9	0.9	9793100
2016/6/13	0.885	0.91	0.88	0.91	2797300
2016/6/14	0.91	0.99	0.895	0.965	16607400
2016/6/15	0.955	0.995	0.95	0.955	4899100
2016/6/16	0.955	0.985	0.935	0.955	3857500
2016/6/17	0.96	0.975	0.955	0.955	4140700
2016/6/20	0.96	1.01	0.96	0.99	8447700
2016/6/21	0.995	1.03	0.98	0.98	8280700
2016/6/23	0.98	1	0.975	0.99	2017600
2016/6/24	0.99	0.99	0.9	0.94	7267500
2016/6/27	0.94	0.975	0.925	0.965	3946400
2016/6/28	0.965	1.02	0.96	1.01	4969600
2016/6/29	1.01	1.06	1.01	1.05	8334200
2016/6/30	1.06	1.08	0.995	1.02	8065700
2016/7/1	1.03	1.05	1.02	1.05	1523600
2016/7/4	1.05	1.07	1.04	1.04	2041900
2016/7/5	1.03	1.06	1.03	1.05	2492300
2016/7/8	1.06	1.06	1.01	1.03	2747400
2016/7/11	1.03	1.06	1.02	1.04	1166500
2016/7/12	1.03	1.09	1.03	1.09	4392100
2016/7/13	1.09	1.11	1.08	1.09	4970300
2016/7/14	1.1	1.14	1.08	1.14	2960300
2016/7/15	1.14	1.19	1.13	1.16	3922500
2016/7/18	1.17	1.2	1.16	1.17	1535500
2016/7/19	1.18	1.18	1.15	1.16	879200
2016/7/20	1.16	1.23	1.14	1.22	4229200
2016/7/21	1.23	1.26	1.2	1.21	3348000
2016/7/22	1.21	1.26	1.2	1.25	1829300
2016/7/25	1.26	1.26	1.22	1.23	1509000
2016/7/26	1.24	1.25	1.22	1.24	1495100
2016/7/27	1.25	1.25	1.18	1.23	5812700
2016/7/28	1.22	1.23	1.18	1.18	4858500
2016/7/29	1.18	1.19	1.14	1.15	3329000
2016/8/1	1.15	1.17	1.14	1.15	1345200
2016/8/2	1.15	1.15	1.07	1.09	3326900
2016/8/3	1.09	1.15	1.09	1.12	2087700
2016/8/4	1.13	1.14	1.12	1.13	686900
2016/8/5	1.13	1.16	1.13	1.14	1753600
2016/8/8	1.14	1.14	1.12	1.14	785100
2016/8/9	1.13	1.13	1.12	1.12	515200
2016/8/10	1.13	1.17	1.12	1.16	2021500
2016/8/11	1.16	1.21	1.16	1.2	1959700
2016/8/12	1.22	1.23	1.19	1.2	739900
2016/8/15	1.2	1.2	1.17	1.18	936000
2016/8/16	1.16	1.2	1.14	1.18	1618400
2016/8/17	1.19	1.19	1.13	1.14	2516400
2016/8/18	1.15	1.15	1.13	1.13	766800
2016/8/19	1.13	1.14	1.12	1.13	449100
2016/8/22	1.13	1.13	1.07	1.11	2140700
2016/8/23	1.11	1.11	1.07	1.11	1119400
2016/8/24	1.1	1.1	1.09	1.1	513300
2016/8/25	1.09	1.09	1.08	1.08	907300
2016/8/26	1.09	1.09	1.06	1.09	927200
2016/8/29	1.1	1.13	1.07	1.13	918800
2016/8/30	1.11	1.12	1.1	1.11	444400
2016/9/1	1.1	1.12	1.09	1.09	200000
2016/9/2	1.09	1.17	1.08	1.17	1727400
2016/9/5	1.17	1.17	1.13	1.13	614600
2016/9/6	1.14	1.16	1.13	1.16	355500
2016/9/7	1.15	1.16	1.14	1.15	305800
2016/9/8	1.15	1.28	1.15	1.26	8514700
2016/9/9	1.26	1.27	1.21	1.26	1920100
2016/9/13	1.25	1.26	1.22	1.26	707600
2016/9/14	1.24	1.25	1.23	1.24	653600
2016/9/15	1.24	1.32	1.23	1.31	5903100
2016/9/19	1.3	1.35	1.29	1.34	1213400
2016/9/20	1.35	1.37	1.32	1.32	1079300
2016/9/21	1.33	1.33	1.31	1.32	484400
2016/9/22	1.33	1.36	1.31	1.34	2399600
2016/9/23	1.34	1.35	1.31	1.32	1007600
2016/9/26	1.3	1.32	1.28	1.3	746900
2016/9/27	1.28	1.35	1.28	1.34	2162500
2016/9/28	1.35	1.37	1.34	1.34	1803500
2016/9/29	1.36	1.37	1.34	1.34	766400
2016/9/30	1.35	1.36	1.34	1.34	695900
2016/10/4	1.37	1.4	1.36	1.37	1965100
2016/10/5	1.38	1.38	1.34	1.35	372400
2016/10/6	1.35	1.36	1.34	1.36	497600
2016/10/7	1.37	1.37	1.34	1.35	441200
2016/10/10	1.35	1.35	1.32	1.33	497000
2016/10/11	1.33	1.39	1.32	1.37	973000
2016/10/12	1.36	1.38	1.34	1.36	985300
2016/10/13	1.36	1.37	1.34	1.36	300500
2016/10/14	1.35	1.36	1.35	1.36	81500
2016/10/17	1.35	1.38	1.35	1.38	1109900
2016/10/18	1.37	1.43	1.36	1.41	3329500
2016/10/19	1.42	1.44	1.4	1.4	1502200
2016/10/20	1.41	1.47	1.4	1.45	2075300
2016/10/21	1.45	1.46	1.43	1.43	629300
2016/10/24	1.43	1.43	1.41	1.41	306700
2016/10/25	1.43	1.45	1.43	1.44	722000
2016/10/26	1.44	1.44	1.41	1.41	521800
2016/10/27	1.41	1.43	1.39	1.39	809300
2016/10/28	1.39	1.42	1.39	1.42	139000
2016/10/31	1.42	1.42	1.39	1.4	200600
2016/11/1	1.41	1.41	1.37	1.39	502600
2016/11/2	1.38	1.39	1.33	1.33	847500
2016/11/3	1.33	1.35	1.32	1.34	256200
2016/11/4	1.34	1.34	1.32	1.32	304400
2016/11/7	1.32	1.32	1.3	1.31	431800
2016/11/8	1.32	1.32	1.3	1.31	389300
2016/11/9	1.31	1.31	1.25	1.29	1083900
2016/11/10	1.32	1.32	1.31	1.32	423300
2016/11/11	1.32	1.32	1.27	1.29	1635500
2016/11/14	1.29	1.29	1.26	1.28	381700
2016/11/15	1.28	1.31	1.28	1.31	484700
2016/11/16	1.31	1.32	1.29	1.29	179800
2016/11/17	1.3	1.3	1.29	1.29	137200
2016/11/18	1.29	1.33	1.28	1.32	269800
2016/11/21	1.32	1.37	1.31	1.36	674500
2016/11/22	1.36	1.36	1.34	1.35	156400
2016/11/23	1.35	1.35	1.31	1.32	173000
2016/11/24	1.32	1.32	1.27	1.27	352800
2016/11/25	1.25	1.29	1.23	1.23	1730000
2016/11/28	1.23	1.25	1.22	1.23	496000
2016/11/29	1.24	1.25	1.23	1.23	892600
2016/11/30	1.23	1.25	1.21	1.22	745400
2016/12/1	1.23	1.26	1.23	1.25	387400
2016/12/2	1.26	1.31	1.26	1.29	712200
2016/12/5	1.29	1.29	1.26	1.27	69000
2016/12/6	1.27	1.27	1.25	1.25	357100
2016/12/7	1.25	1.27	1.23	1.23	356500
2016/12/8	1.24	1.26	1.22	1.22	1754300
2016/12/9	1.22	1.24	1.22	1.23	1305200
2016/12/13	1.23	1.26	1.23	1.24	667300
2016/12/14	1.24	1.25	1.23	1.23	295800
2016/12/15	1.23	1.26	1.23	1.24	309400
2016/12/16	1.24	1.26	1.23	1.25	491100
2016/12/19	1.25	1.3	1.24	1.29	1317700
2016/12/20	1.28	1.33	1.28	1.32	795300
2016/12/21	1.31	1.34	1.3	1.31	1050800
2016/12/22	1.31	1.31	1.27	1.28	311300
2016/12/23	1.29	1.29	1.26	1.26	220500
2016/12/27	1.26	1.29	1.26	1.27	245200
2016/12/28	1.28	1.32	1.26	1.27	1042700
2016/12/29	1.26	1.27	1.24	1.25	632700
2016/12/30	1.25	1.28	1.25	1.27	343600
2017/1/3	1.27	1.27	1.26	1.26	121200
2017/1/4	1.27	1.3	1.27	1.3	377300
2017/1/5	1.3	1.33	1.28	1.3	618400
2017/1/6	1.32	1.32	1.29	1.3	151700
2017/1/9	1.3	1.33	1.3	1.31	648100
2017/1/10	1.31	1.34	1.3	1.31	691900
2017/1/11	1.31	1.34	1.31	1.32	556000
2017/1/12	1.31	1.34	1.31	1.33	195400
2017/1/13	1.32	1.33	1.32	1.33	327300
2017/1/16	1.34	1.34	1.31	1.32	409200
2017/1/17	1.32	1.33	1.31	1.33	278000
2017/1/18	1.32	1.33	1.29	1.3	343500
2017/1/19	1.3	1.31	1.29	1.29	69500
2017/1/20	1.3	1.31	1.29	1.29	52700
2017/1/23	1.29	1.3	1.24	1.28	667900
2017/1/24	1.26	1.28	1.26	1.27	95400
2017/1/25	1.29	1.29	1.28	1.29	22000
2017/1/26	1.28	1.29	1.28	1.28	58400
2017/1/27	1.27	1.27	1.24	1.27	499900
2017/1/31	1.27	1.27	1.26	1.27	247200
2017/2/2	1.29	1.37	1.29	1.35	1755200
2017/2/3	1.36	1.44	1.36	1.44	2820700
2017/2/6	1.43	1.46	1.42	1.45	2038200
2017/2/7	1.45	1.45	1.42	1.44	619200
2017/2/8	1.43	1.44	1.42	1.43	306200
2017/2/10	1.45	1.5	1.43	1.5	1085700
2017/2/13	1.5	1.56	1.5	1.55	3175300
2017/2/14	1.56	1.58	1.51	1.53	2941300
2017/2/15	1.54	1.56	1.53	1.53	1868100
2017/2/16	1.54	1.54	1.52	1.53	641900
2017/2/17	1.53	1.59	1.53	1.53	1831100
2017/2/20	1.54	1.62	1.54	1.62	2039400
2017/2/21	1.62	1.62	1.52	1.56	2743800
2017/2/22	1.55	1.55	1.53	1.53	645800
2017/2/23	1.51	1.55	1.51	1.53	311600
2017/2/24	1.52	1.52	1.49	1.49	645100
2017/2/27	1.49	1.5	1.46	1.48	820400
2017/2/28	1.47	1.47	1.44	1.46	488800
2017/3/1	1.47	1.53	1.46	1.52	668200
2017/3/2	1.53	1.55	1.51	1.52	698800
2017/3/3	1.5	1.52	1.49	1.5	254700
2017/3/6	1.54	1.58	1.52	1.52	1113300
2017/3/7	1.54	1.55	1.53	1.55	353000
2017/3/8	1.55	1.58	1.54	1.58	990300
2017/3/9	1.58	1.59	1.55	1.58	1534000
2017/3/10	1.57	1.57	1.53	1.55	569000
2017/3/13	1.56	1.57	1.53	1.56	583500
2017/3/14	1.59	1.64	1.58	1.58	2902500
2017/3/15	1.58	1.61	1.57	1.59	549600
2017/3/16	1.6	1.61	1.58	1.6	438900
2017/3/17	1.6	1.6	1.57	1.58	392900
2017/3/20	1.59	1.61	1.57	1.58	763800
2017/3/21	1.56	1.57	1.56	1.56	319200
2017/3/22	1.57	1.71	1.57	1.68	3440300
2017/3/23	1.69	1.86	1.69	1.82	3658100
2017/3/24	1.86	1.88	1.69	1.7	2791200
2017/3/27	1.7	1.73	1.69	1.7	1093700
2017/3/28	1.7	1.71	1.64	1.67	1778500
2017/3/29	1.68	1.69	1.63	1.63	720000
2017/3/30	1.65	1.66	1.63	1.65	546100
2017/3/31	1.67	1.67	1.64	1.66	387200
2017/4/3	1.65	1.66	1.63	1.66	616100
2017/4/4	1.66	1.66	1.63	1.65	887300
2017/4/5	1.62	1.65	1.62	1.65	3028500
2017/4/6	1.64	1.66	1.63	1.64	485000
2017/4/7	1.65	1.78	1.65	1.76	3306400
2017/4/10	1.76	1.79	1.7	1.72	550000
2017/4/11	1.74	1.74	1.69	1.69	427000
2017/4/12	1.68	1.69	1.67	1.68	279800
2017/4/13	1.68	1.68	1.62	1.65	1036700
2017/4/14	1.62	1.63	1.58	1.62	1431300
2017/4/17	1.62	1.67	1.59	1.66	2116600
2017/4/18	1.67	1.68	1.63	1.65	507600
2017/4/19	1.63	1.66	1.63	1.65	414300
2017/4/20	1.62	1.65	1.62	1.65	176600
2017/4/21	1.64	1.65	1.63	1.63	290200
2017/4/25	1.65	1.69	1.64	1.67	412000
2017/4/26	1.69	1.69	1.65	1.67	422100
2017/4/27	1.67	1.72	1.67	1.72	690200
2017/4/28	1.71	1.76	1.71	1.73	1244700
2017/5/2	1.73	1.75	1.72	1.74	358700
2017/5/3	1.73	1.75	1.73	1.74	588800
2017/5/4	1.74	1.74	1.69	1.7	227100
2017/5/5	1.69	1.7	1.69	1.69	191200
2017/5/8	1.73	1.73	1.7	1.7	32600
2017/5/9	1.71	1.71	1.69	1.69	76900
2017/5/11	1.71	1.75	1.71	1.75	731400
2017/5/12	1.75	1.83	1.74	1.83	2220900
2017/5/15	1.83	1.89	1.79	1.85	1564600
2017/5/16	1.86	1.87	1.82	1.86	428700
2017/5/17	1.86	1.88	1.86	1.87	432900
2017/5/18	1.85	1.87	1.82	1.87	477700
2017/5/19	1.87	1.87	1.84	1.85	311700
2017/5/22	1.86	1.88	1.85	1.85	561500
2017/5/23	1.85	1.85	1.72	1.73	1475000
2017/5/24	1.73	1.83	1.73	1.79	1228700
2017/5/25	1.8	1.82	1.78	1.81	394600
2017/5/26	1.81	1.81	1.74	1.76	561800
2017/5/29	1.76	1.76	1.69	1.7	415700
2017/5/30	1.63	1.63	1.48	1.49	5308000
2017/5/31	1.49	1.58	1.49	1.58	2779800
2017/6/1	1.58	1.58	1.55	1.58	784600
2017/6/2	1.58	1.58	1.55	1.57	767900
2017/6/5	1.57	1.61	1.57	1.59	448300
2017/6/6	1.6	1.6	1.55	1.55	737800
2017/6/7	1.55	1.59	1.55	1.56	244500
2017/6/8	1.56	1.59	1.55	1.59	815900
2017/6/9	1.56	1.66	1.56	1.6	1707600
2017/6/13	1.6	1.65	1.58	1.65	611700
2017/6/14	1.64	1.64	1.61	1.61	131000
2017/6/15	1.6	1.6	1.58	1.58	288100
2017/6/16	1.59	1.6	1.58	1.58	69900
2017/6/19	1.57	1.59	1.57	1.59	678400
2017/6/20	1.6	1.64	1.59	1.61	855400
2017/6/21	1.61	1.61	1.57	1.61	363400
2017/6/22	1.58	1.59	1.55	1.56	213000
2017/6/23	1.59	1.6	1.59	1.59	9400
2017/6/28	1.56	1.6	1.56	1.6	661100
2017/6/29	1.6	1.6	1.57	1.58	219300
2017/6/30	1.57	1.58	1.52	1.55	459900
2017/7/3	1.55	1.59	1.51	1.59	575300
2017/7/4	1.59	1.6	1.59	1.6	577000
2017/7/5	1.59	1.59	1.56	1.59	14500
2017/7/6	1.59	1.59	1.55	1.58	138800
2017/7/7	1.55	1.57	1.53	1.57	783100
2017/7/10	1.55	1.55	1.49	1.5	1505200
2017/7/11	1.5	1.5	1.45	1.47	630200
2017/7/12	1.47	1.47	1.42	1.43	1799300
2017/7/13	1.45	1.54	1.45	1.53	1029400
2017/7/14	1.5	1.51	1.49	1.5	189900
2017/7/17	1.49	1.55	1.49	1.5	231300
2017/7/18	1.5	1.5	1.5	1.5	28500
2017/7/19	1.52	1.53	1.5	1.53	301000
2017/7/20	1.53	1.54	1.5	1.51	179100
2017/7/21	1.51	1.51	1.5	1.51	159000
2017/7/24	1.51	1.51	1.49	1.49	36000
2017/7/25	1.48	1.48	1.46	1.46	244700
2017/7/26	1.46	1.51	1.46	1.51	139500
2017/7/27	1.5	1.5	1.5	1.5	5000
2017/7/28	1.49	1.49	1.48	1.48	18000
2017/7/31	1.47	1.48	1.46	1.47	90600
2017/8/1	1.45	1.46	1.45	1.46	456400
2017/8/2	1.46	1.46	1.42	1.44	254900
2017/8/3	1.42	1.45	1.42	1.45	186500
2017/8/4	1.45	1.5	1.45	1.5	288800
2017/8/7	1.49	1.5	1.47	1.48	77300
2017/8/8	1.47	1.49	1.44	1.46	118400
2017/8/9	1.47	1.51	1.46	1.49	100500
2017/8/10	1.49	1.49	1.47	1.49	319500
2017/8/11	1.48	1.48	1.45	1.46	3900
2017/8/14	1.45	1.45	1.42	1.43	340400
2017/8/15	1.44	1.48	1.44	1.48	362300
2017/8/16	1.46	1.48	1.45	1.46	143600
2017/8/17	1.48	1.49	1.44	1.49	322300
2017/8/18	1.46	1.48	1.44	1.48	190000
2017/8/21	1.49	1.49	1.45	1.45	189000
2017/8/22	1.45	1.45	1.36	1.42	1127900
2017/8/23	1.37	1.45	1.34	1.42	3037100
2017/8/24	1.42	1.45	1.41	1.43	472000
2017/8/25	1.44	1.45	1.38	1.4	560500
2017/8/28	1.38	1.38	1.32	1.34	2896400
2017/8/29	1.35	1.35	1.3	1.31	756300
2017/8/30	1.32	1.32	1.27	1.3	490900
2017/9/5	1.3	1.3	1.26	1.26	621000
2017/9/6	1.27	1.31	1.26	1.28	1008400
2017/9/7	1.28	1.36	1.28	1.35	828200
2017/9/8	1.36	1.39	1.32	1.35	638900
2017/9/11	1.35	1.39	1.33	1.33	1043200
2017/9/12	1.35	1.36	1.35	1.36	343400
2017/9/13	1.35	1.36	1.33	1.33	183100
2017/9/14	1.35	1.38	1.34	1.38	785900
2017/9/15	1.39	1.39	1.36	1.36	237400
2017/9/18	1.37	1.37	1.35	1.37	125500
2017/9/19	1.37	1.37	1.36	1.37	339800
2017/9/20	1.38	1.4	1.37	1.38	272900
2017/9/21	1.38	1.4	1.38	1.38	149200
2017/9/25	1.38	1.38	1.37	1.37	97100
2017/9/26	1.37	1.37	1.36	1.37	48700
2017/9/27	1.35	1.37	1.35	1.37	21600
2017/9/28	1.38	1.38	1.35	1.37	56000
2017/9/29	1.35	1.39	1.35	1.39	117900
2017/10/2	1.38	1.38	1.36	1.37	25000
2017/10/3	1.36	1.37	1.35	1.37	170300
2017/10/4	1.37	1.38	1.37	1.38	36000
2017/10/5	1.38	1.38	1.35	1.37	66600
2017/10/6	1.36	1.37	1.35	1.36	153000
2017/10/9	1.36	1.37	1.36	1.37	168000
2017/10/10	1.36	1.37	1.33	1.33	292100
2017/10/11	1.35	1.35	1.33	1.34	204200
2017/10/12	1.33	1.34	1.32	1.32	150700
2017/10/13	1.33	1.34	1.31	1.34	222200
2017/10/16	1.32	1.36	1.32	1.36	227900
2017/10/17	1.35	1.35	1.33	1.35	249900
2017/10/19	1.35	1.35	1.33	1.34	19000
2017/10/20	1.34	1.37	1.34	1.35	185700
2017/10/23	1.36	1.36	1.33	1.34	419900
2017/10/24	1.35	1.41	1.35	1.4	486700
2017/10/25	1.4	1.48	1.4	1.46	2321200
2017/10/26	1.48	1.53	1.48	1.51	2600600
2017/10/27	1.52	1.52	1.49	1.49	141000
2017/10/30	1.49	1.52	1.47	1.49	389800
2017/10/31	1.49	1.49	1.46	1.47	360500
2017/11/1	1.46	1.47	1.44	1.46	277500
2017/11/2	1.48	1.51	1.46	1.5	916400
2017/11/3	1.5	1.58	1.49	1.54	2766800
2017/11/6	1.55	1.57	1.52	1.55	461000
2017/11/7	1.55	1.56	1.51	1.52	251000
2017/11/8	1.52	1.52	1.47	1.47	358200
2017/11/9	1.47	1.51	1.45	1.47	186300
2017/11/10	1.49	1.49	1.46	1.48	258400
2017/11/13	1.49	1.49	1.42	1.44	363000
2017/11/14	1.46	1.47	1.44	1.45	260500
2017/11/15	1.47	1.49	1.44	1.47	369900
2017/11/16	1.47	1.48	1.43	1.47	511800
2017/11/17	1.47	1.49	1.45	1.49	240100
2017/11/20	1.5	1.5	1.47	1.49	134200
2017/11/21	1.48	1.49	1.47	1.49	227100
2017/11/22	1.5	1.5	1.49	1.5	161100
2017/11/23	1.49	1.5	1.48	1.5	98300
2017/11/24	1.49	1.51	1.45	1.45	540000
2017/11/27	1.45	1.45	1.43	1.44	102100
2017/11/28	1.43	1.43	1.38	1.4	259100
2017/11/29	1.39	1.41	1.38	1.39	187800
2017/11/30	1.4	1.4	1.39	1.39	67800
2017/12/4	1.4	1.4	1.37	1.37	110100
2017/12/5	1.37	1.37	1.32	1.33	207700
2017/12/6	1.33	1.33	1.28	1.29	490500
2017/12/7	1.32	1.32	1.3	1.3	101800
2017/12/8	1.29	1.31	1.29	1.29	94300
2017/12/11	1.29	1.33	1.28	1.33	176700
2017/12/12	1.33	1.34	1.29	1.3	158500
2017/12/13	1.31	1.32	1.29	1.3	38300
2017/12/14	1.29	1.3	1.29	1.3	57900
2017/12/15	1.3	1.3	1.29	1.3	146500
2017/12/18	1.29	1.3	1.28	1.29	622200
2017/12/19	1.28	1.29	1.26	1.29	136000
2017/12/20	1.29	1.36	1.29	1.36	721100
2017/12/21	1.36	1.41	1.35	1.38	624300
2017/12/22	1.36	1.36	1.33	1.34	34700
2017/12/26	1.35	1.35	1.3	1.33	92700
2017/12/27	1.32	1.34	1.32	1.34	63000
2017/12/28	1.33	1.38	1.33	1.38	250400
2017/12/29	1.39	1.46	1.35	1.46	849800
2018/1/2	1.43	1.43	1.35	1.35	649000
2018/1/3	1.35	1.35	1.31	1.32	664000
2018/1/4	1.34	1.34	1.32	1.32	178700
2018/1/5	1.31	1.32	1.28	1.29	1275100
2018/1/8	1.3	1.3	1.26	1.27	1323400
2018/1/9	1.27	1.33	1.27	1.29	706600
2018/1/10	1.31	1.31	1.27	1.29	660600
2018/1/11	1.28	1.28	1.27	1.28	694200
2018/1/12	1.27	1.28	1.27	1.28	436100
2018/1/15	1.27	1.28	1.22	1.22	584400
2018/1/16	1.21	1.23	1.21	1.22	982300
2018/1/17	1.23	1.23	1.17	1.17	374600
2018/1/18	1.17	1.18	1.14	1.14	359700
2018/1/19	1.18	1.18	1.15	1.15	156500
2018/1/22	1.17	1.17	1.14	1.14	135200
2018/1/23	1.13	1.19	1.13	1.17	393600
2018/1/24	1.17	1.19	1.17	1.18	82900
2018/1/25	1.18	1.18	1.15	1.15	299600
2018/1/26	1.15	1.15	1.1	1.14	360700
2018/1/29	1.14	1.14	1.1	1.11	231000
2018/1/30	1.11	1.11	1.09	1.1	43800
2018/2/2	1.12	1.14	1.1	1.12	876100
2018/2/5	1.09	1.09	1.04	1.06	962400
2018/2/6	1.04	1.04	0.98	1	889500
2018/2/7	1.04	1.06	0.98	1	487700
2018/2/8	1	1.01	0.98	1	172000
2018/2/9	0.98	0.98	0.96	0.96	395600
2018/2/12	0.96	0.96	0.85	0.85	1721400
2018/2/13	0.88	0.88	0.83	0.84	1531100
2018/2/14	0.83	0.84	0.795	0.8	1353900
2018/2/15	0.8	0.8	0.78	0.78	804000
2018/2/19	0.805	0.825	0.795	0.795	4677700
2018/2/20	0.805	0.875	0.805	0.835	6347800
2018/2/21	0.845	0.865	0.83	0.83	3589800
2018/2/22	0.84	0.84	0.83	0.83	1029100
2018/2/23	0.835	0.865	0.835	0.85	1863700
2018/2/26	0.86	0.86	0.83	0.84	1390000
2018/2/27	0.85	0.86	0.835	0.845	2920900
2018/2/28	0.845	0.845	0.83	0.845	660700
2018/3/1	0.84	0.84	0.825	0.83	340500
2018/3/2	0.825	0.825	0.76	0.765	2207600
2018/3/5	0.765	0.77	0.725	0.735	1112800
2018/3/6	0.74	0.765	0.74	0.76	990000
2018/3/7	0.76	0.76	0.73	0.745	615900
2018/3/8	0.745	0.75	0.73	0.745	422500
2018/3/9	0.75	0.75	0.715	0.725	399100
2018/3/12	0.735	0.735	0.72	0.73	411600
2018/3/13	0.725	0.77	0.725	0.76	421200
2018/3/14	0.76	0.775	0.745	0.75	401500
2018/3/15	0.745	0.745	0.725	0.74	193200
2018/3/16	0.73	0.75	0.73	0.73	140300
2018/3/19	0.73	0.73	0.72	0.72	234200
2018/3/20	0.71	0.72	0.7	0.7	381200
2018/3/21	0.7	0.7	0.685	0.685	128400
2018/3/22	0.69	0.69	0.66	0.685	638400
2018/3/23	0.66	0.665	0.65	0.66	687500
2018/3/26	0.66	0.69	0.655	0.69	266600
2018/3/27	0.695	0.725	0.685	0.685	574400
2018/3/28	0.685	0.685	0.665	0.665	300600
2018/3/29	0.69	0.69	0.665	0.67	247300
2018/3/30	0.675	0.68	0.65	0.67	121100
2018/4/2	0.66	0.67	0.65	0.67	142600
2018/4/3	0.65	0.65	0.605	0.605	1232200
2018/4/4	0.61	0.615	0.54	0.54	427300
2018/4/5	0.56	0.595	0.56	0.58	407400
2018/4/6	0.59	0.595	0.54	0.575	910800
2018/4/9	0.59	0.64	0.575	0.625	911900
2018/4/10	0.625	0.66	0.625	0.64	1552000
2018/4/11	0.64	0.655	0.625	0.63	756800
2018/4/12	0.63	0.63	0.61	0.615	594100
2018/4/13	0.615	0.635	0.615	0.63	584000
2018/4/16	0.625	0.63	0.61	0.625	427600
2018/4/17	0.62	0.645	0.61	0.61	874300
2018/4/18	0.615	0.615	0.58	0.59	557000
2018/4/19	0.59	0.605	0.59	0.6	152400
2018/4/20	0.605	0.61	0.59	0.59	320000
2018/4/23	0.58	0.59	0.58	0.59	124500
2018/4/24	0.57	0.59	0.57	0.575	211000
2018/4/25	0.56	0.565	0.545	0.55	434300
2018/4/26	0.57	0.57	0.55	0.55	315600
2018/4/27	0.56	0.56	0.545	0.545	364800
2018/4/30	0.55	0.565	0.535	0.535	551100
2018/5/2	0.545	0.545	0.525	0.53	184400
2018/5/3	0.54	0.54	0.525	0.54	208500
2018/5/4	0.535	0.535	0.535	0.535	163400
2018/5/7	0.535	0.55	0.53	0.53	314400
2018/5/8	0.55	0.55	0.535	0.535	268000
2018/5/14	0.545	0.605	0.545	0.59	1306700
2018/5/15	0.6	0.62	0.58	0.58	607000
2018/5/16	0.6	0.6	0.585	0.585	264800
2018/5/17	0.585	0.595	0.58	0.585	291200
2018/5/18	0.58	0.58	0.55	0.555	156700
2018/5/21	0.58	0.58	0.55	0.555	264700
2018/5/22	0.56	0.56	0.545	0.55	357500
2018/5/23	0.5	0.52	0.495	0.5	2798700
2018/5/24	0.5	0.51	0.48	0.48	1766700
2018/5/25	0.48	0.495	0.47	0.47	1325900
2018/5/28	0.47	0.47	0.465	0.47	958400
2018/5/30	0.46	0.46	0.455	0.46	601000
2018/5/31	0.47	0.47	0.46	0.46	754100
2018/6/1	0.46	0.465	0.46	0.46	536200
2018/6/4	0.475	0.5	0.475	0.49	432900
2018/6/5	0.49	0.5	0.48	0.495	589600
2018/6/6	0.5	0.53	0.5	0.53	447900
2018/6/7	0.53	0.555	0.53	0.55	3583300
2018/6/8	0.545	0.58	0.545	0.555	2125000
2018/6/11	0.555	0.57	0.555	0.56	363000
2018/6/12	0.56	0.575	0.555	0.56	253900
2018/6/13	0.57	0.57	0.555	0.56	33000
2018/6/14	0.555	0.56	0.55	0.55	78000
2018/6/18	0.555	0.555	0.54	0.54	142900
2018/6/19	0.54	0.56	0.535	0.54	329300
2018/6/20	0.55	0.565	0.545	0.56	428800
2018/6/21	0.56	0.565	0.55	0.555	383800
2018/6/22	0.555	0.565	0.55	0.55	259000
2018/6/25	0.55	0.625	0.55	0.61	8015900
2018/6/26	0.61	0.63	0.605	0.615	1355400
2018/6/27	0.62	0.62	0.57	0.58	700100
2018/6/28	0.575	0.58	0.545	0.57	676000
2018/6/29	0.585	0.585	0.56	0.58	427800
2018/7/2	0.575	0.6	0.57	0.575	3548500
2018/7/3	0.575	0.58	0.57	0.58	144400
2018/7/4	0.58	0.585	0.57	0.575	87900
2018/7/5	0.575	0.575	0.55	0.555	837900
2018/7/6	0.565	0.565	0.53	0.53	1054400
2018/7/9	0.53	0.54	0.525	0.525	262500
2018/7/10	0.525	0.53	0.52	0.52	338300
2018/7/11	0.52	0.53	0.505	0.51	413000
2018/7/12	0.51	0.525	0.505	0.52	1250300
2018/7/13	0.515	0.53	0.51	0.525	508100
2018/7/16	0.525	0.575	0.52	0.575	4289700
2018/7/17	0.57	0.57	0.54	0.56	837500
2018/7/18	0.545	0.555	0.54	0.555	394700
2018/7/19	0.54	0.56	0.54	0.55	634700
2018/7/20	0.545	0.555	0.54	0.55	457700
2018/7/23	0.55	0.57	0.545	0.56	718000
2018/7/24	0.56	0.585	0.56	0.575	2908400
2018/7/25	0.595	0.61	0.59	0.595	7004700
2018/7/26	0.6	0.615	0.59	0.595	2930900
2018/7/27	0.6	0.6	0.58	0.585	868100
2018/7/30	0.58	0.585	0.57	0.575	400500
2018/7/31	0.57	0.575	0.56	0.565	876500
2018/8/1	0.565	0.57	0.56	0.565	437300
2018/8/2	0.565	0.565	0.555	0.555	447800
2018/8/3	0.555	0.565	0.555	0.565	504500
2018/8/6	0.575	0.575	0.555	0.555	823800
2018/8/7	0.56	0.58	0.56	0.575	846400
2018/8/8	0.58	0.605	0.58	0.6	2003600
2018/8/9	0.6	0.6	0.545	0.555	3898100
2018/8/10	0.55	0.555	0.53	0.535	2725700
2018/8/13	0.53	0.55	0.525	0.545	597700
2018/8/14	0.545	0.56	0.545	0.56	1011900
2018/8/15	0.56	0.565	0.56	0.56	771700
2018/8/16	0.555	0.565	0.555	0.56	394500
2018/8/17	0.565	0.595	0.565	0.595	8501600
2018/8/20	0.62	0.675	0.62	0.63	21912800
2018/8/21	0.635	0.645	0.595	0.615	7102500
2018/8/23	0.615	0.645	0.61	0.645	3234400
2018/8/24	0.645	0.655	0.625	0.625	3502000
2018/8/27	0.625	0.635	0.59	0.6	1737600
2018/8/28	0.595	0.625	0.585	0.625	1358800
2018/8/29	0.545	0.58	0.525	0.57	6489000
2018/8/30	0.57	0.595	0.55	0.55	2638900
2018/9/3	0.56	0.57	0.555	0.565	1660000
2018/9/4	0.565	0.58	0.56	0.575	656600
2018/9/5	0.57	0.59	0.57	0.575	1100200
2018/9/6	0.575	0.575	0.555	0.56	467200
2018/9/7	0.56	0.58	0.555	0.565	503100
2018/9/12	0.56	0.56	0.545	0.555	520200
2018/9/13	0.55	0.56	0.54	0.56	264900
2018/9/14	0.555	0.56	0.54	0.55	1466600
2018/9/18	0.545	0.55	0.535	0.55	441600
2018/9/19	0.54	0.59	0.54	0.575	1509000
2018/9/20	0.575	0.625	0.57	0.605	4311900
2018/9/21	0.615	0.615	0.605	0.605	1956900
2018/9/24	0.605	0.61	0.575	0.585	649300
2018/9/25	0.585	0.605	0.575	0.59	915900
2018/9/26	0.6	0.61	0.59	0.595	1386900
2018/9/27	0.595	0.63	0.595	0.61	3584600
2018/9/28	0.615	0.645	0.615	0.63	5310500
2018/10/1	0.635	0.655	0.635	0.64	3015600
2018/10/2	0.645	0.655	0.595	0.605	4262900
2018/10/3	0.61	0.625	0.61	0.62	581400
2018/10/4	0.62	0.62	0.6	0.605	947700
2018/10/5	0.61	0.615	0.605	0.605	875100
2018/10/8	0.605	0.605	0.575	0.58	1281500
2018/10/9	0.585	0.6	0.585	0.6	482200
2018/10/10	0.595	0.61	0.575	0.585	1412300
2018/10/11	0.565	0.58	0.555	0.555	1964600
2018/10/12	0.555	0.585	0.555	0.575	1442500
2018/10/15	0.58	0.59	0.57	0.58	657100
2018/10/16	0.58	0.58	0.57	0.57	308100
2018/10/17	0.575	0.59	0.57	0.575	1172400
2018/10/18	0.58	0.58	0.57	0.575	577700
2018/10/19	0.565	0.565	0.555	0.555	759700
2018/10/22	0.565	0.57	0.56	0.56	382100
2018/10/23	0.565	0.57	0.54	0.545	1556300
2018/10/24	0.545	0.545	0.52	0.525	698200
2018/10/25	0.52	0.52	0.505	0.52	483400
2018/10/26	0.525	0.525	0.495	0.505	676200
2018/10/29	0.515	0.515	0.475	0.485	1073600
2018/10/30	0.485	0.5	0.48	0.5	723500
2018/10/31	0.505	0.51	0.5	0.51	2225800
2018/11/1	0.515	0.52	0.495	0.505	1710900
2018/11/2	0.505	0.525	0.505	0.515	2422600
2018/11/5	0.515	0.515	0.505	0.51	770700
2018/11/7	0.51	0.52	0.505	0.505	955200
2018/11/8	0.515	0.545	0.51	0.53	3261400
2018/11/9	0.53	0.535	0.51	0.515	1148700
2018/11/12	0.515	0.53	0.515	0.525	615700
2018/11/13	0.51	0.54	0.51	0.535	1591500
2018/11/14	0.53	0.53	0.515	0.525	1242100
2018/11/15	0.525	0.545	0.52	0.53	1680300
2018/11/16	0.53	0.55	0.53	0.545	1169400
2018/11/19	0.55	0.57	0.55	0.56	1574500
2018/11/21	0.545	0.56	0.54	0.56	659200
2018/11/22	0.555	0.56	0.54	0.54	836300
2018/11/23	0.54	0.54	0.515	0.52	1228100
2018/11/26	0.52	0.52	0.515	0.515	269900
2018/11/27	0.515	0.515	0.5	0.51	1213800
2018/11/28	0.51	0.515	0.505	0.505	451300
2018/11/29	0.51	0.51	0.5	0.5	412500
2018/11/30	0.495	0.495	0.485	0.485	528900
2018/12/3	0.5	0.505	0.495	0.505	226900
2018/12/4	0.505	0.505	0.49	0.49	199900
2018/12/5	0.49	0.505	0.485	0.5	348500
2018/12/6	0.49	0.495	0.49	0.495	119200
2018/12/7	0.495	0.495	0.49	0.49	137300
2018/12/10	0.49	0.49	0.485	0.485	99300
2018/12/11	0.485	0.485	0.47	0.47	505300
2018/12/12	0.465	0.47	0.45	0.455	616400
2018/12/13	0.455	0.455	0.44	0.44	750200
2018/12/14	0.455	0.455	0.405	0.41	1657300
2018/12/17	0.4	0.4	0.375	0.375	1066400
2018/12/18	0.37	0.375	0.35	0.365	1930200
2018/12/19	0.36	0.39	0.36	0.39	455500
2018/12/20	0.375	0.385	0.37	0.385	589000
2018/12/21	0.385	0.415	0.385	0.415	543700
2018/12/24	0.415	0.43	0.405	0.43	342500
2018/12/26	0.415	0.42	0.415	0.42	79500
2018/12/27	0.425	0.43	0.415	0.415	85600
2018/12/28	0.415	0.425	0.415	0.415	81100
2018/12/31	0.42	0.42	0.41	0.41	418200
2019/1/2	0.385	0.405	0.385	0.4	177500
2019/1/3	0.43	0.43	0.385	0.385	50100
2019/1/7	0.385	0.425	0.385	0.405	354500
2019/1/8	0.415	0.42	0.41	0.42	18500
2019/1/9	0.42	0.435	0.42	0.425	343900
2019/1/10	0.415	0.42	0.41	0.415	165200
2019/1/11	0.42	0.435	0.41	0.425	340300
2019/1/14	0.42	0.42	0.41	0.41	154500
2019/1/15	0.41	0.41	0.405	0.405	624400
2019/1/16	0.41	0.415	0.405	0.41	170900
2019/1/17	0.41	0.43	0.41	0.415	922400
2019/1/18	0.42	0.43	0.405	0.405	2062400
2019/1/22	0.41	0.415	0.405	0.41	448200
2019/1/23	0.405	0.405	0.4	0.405	305700
2019/1/24	0.405	0.405	0.4	0.405	341100
2019/1/25	0.405	0.405	0.395	0.4	1585600
2019/1/28	0.405	0.405	0.395	0.395	379500
2019/1/29	0.4	0.405	0.395	0.395	422900
2019/1/30	0.395	0.395	0.385	0.39	395000
2019/1/31	0.39	0.39	0.38	0.385	510000
2019/2/4	0.385	0.39	0.385	0.39	153300
2019/2/7	0.39	0.395	0.39	0.39	289000
2019/2/8	0.39	0.39	0.385	0.385	274300
2019/2/11	0.385	0.415	0.385	0.41	1836900
2019/2/12	0.41	0.425	0.41	0.41	1312800
2019/2/13	0.42	0.425	0.41	0.41	334500
2019/2/14	0.41	0.41	0.405	0.41	242300
2019/2/15	0.41	0.41	0.4	0.405	260900
2019/2/18	0.405	0.405	0.4	0.4	342000
2019/2/19	0.405	0.41	0.405	0.41	288200
2019/2/20	0.42	0.435	0.42	0.43	1236300
2019/2/21	0.44	0.445	0.415	0.42	1312800
2019/2/22	0.42	0.42	0.41	0.41	195400
2019/2/25	0.415	0.415	0.405	0.405	346600
2019/2/26	0.385	0.395	0.37	0.37	4796300
2019/2/27	0.375	0.385	0.375	0.375	255500
2019/2/28	0.375	0.375	0.355	0.355	2047700
2019/3/1	0.365	0.37	0.36	0.36	379500
2019/3/4	0.37	0.375	0.37	0.37	661500
2019/3/5	0.37	0.37	0.36	0.365	387300
2019/3/6	0.365	0.385	0.365	0.385	411600
2019/3/7	0.385	0.385	0.37	0.38	240600
2019/3/8	0.38	0.38	0.375	0.38	124000
2019/3/11	0.38	0.38	0.375	0.38	221500
2019/3/12	0.38	0.38	0.375	0.38	256500
2019/3/13	0.375	0.375	0.365	0.37	369400
2019/3/14	0.37	0.395	0.37	0.38	997300
2019/3/15	0.38	0.385	0.375	0.38	576700
2019/3/18	0.38	0.38	0.37	0.38	495500
2019/3/19	0.37	0.375	0.365	0.365	811200
2019/3/20	0.37	0.38	0.365	0.365	236600
2019/3/21	0.37	0.37	0.365	0.365	225300
2019/3/22	0.37	0.38	0.365	0.37	540900
2019/3/25	0.375	0.375	0.365	0.365	44900
2019/3/26	0.365	0.365	0.365	0.365	10000
2019/3/27	0.365	0.375	0.365	0.375	236000
2019/3/28	0.375	0.375	0.37	0.37	247000
2019/3/29	0.365	0.37	0.365	0.37	194000
2019/4/1	0.365	0.37	0.365	0.37	70000
2019/4/2	0.365	0.37	0.36	0.365	1029700
2019/4/3	0.36	0.365	0.36	0.365	156500
2019/4/4	0.36	0.365	0.36	0.365	206800
2019/4/5	0.365	0.365	0.365	0.365	93000
2019/4/8	0.365	0.37	0.365	0.37	348800
2019/4/9	0.37	0.375	0.365	0.365	371000
2019/4/10	0.365	0.37	0.365	0.37	360700
2019/4/11	0.365	0.37	0.365	0.37	613600
2019/4/12	0.37	0.375	0.365	0.365	679900
2019/4/15	0.365	0.37	0.365	0.37	188900
2019/4/16	0.375	0.375	0.365	0.37	191200
2019/4/17	0.365	0.365	0.36	0.36	512300
2019/4/18	0.365	0.365	0.36	0.36	208900
2019/4/19	0.365	0.365	0.36	0.36	70200
2019/4/22	0.36	0.365	0.36	0.365	198600
2019/4/23	0.365	0.365	0.36	0.36	178100
2019/4/24	0.36	0.365	0.36	0.365	238100
2019/4/25	0.365	0.37	0.365	0.37	82000
2019/4/26	0.365	0.37	0.365	0.37	384300
2019/4/29	0.37	0.37	0.365	0.365	739000
2019/4/30	0.365	0.365	0.365	0.365	57200
2019/5/2	0.36	0.36	0.36	0.36	263000
2019/5/3	0.36	0.36	0.36	0.36	195000
2019/5/6	0.355	0.36	0.355	0.36	151000
2019/5/7	0.36	0.37	0.355	0.37	92700
2019/5/8	0.365	0.365	0.35	0.355	146200
2019/5/9	0.355	0.355	0.355	0.355	10000
2019/5/10	0.35	0.355	0.35	0.355	52000
2019/5/13	0.345	0.35	0.345	0.345	139000
2019/5/14	0.34	0.35	0.325	0.35	334600
2019/5/15	0.345	0.345	0.345	0.345	83300
2019/5/16	0.345	0.345	0.345	0.345	40000
2019/5/17	0.34	0.345	0.335	0.335	82000
2019/5/21	0.34	0.34	0.32	0.325	468200
2019/5/23	0.32	0.33	0.32	0.33	36800
2019/5/24	0.325	0.33	0.325	0.33	48000
2019/5/27	0.32	0.325	0.32	0.32	148000
2019/5/28	0.305	0.305	0.29	0.29	1028900
2019/5/29	0.29	0.305	0.29	0.305	223200
2019/5/30	0.3	0.3	0.3	0.3	355600
2019/5/31	0.295	0.3	0.295	0.295	458700
2019/6/3	0.295	0.3	0.295	0.295	98000
2019/6/4	0.3	0.305	0.3	0.305	90000
2019/6/7	0.3	0.31	0.3	0.305	734000
2019/6/10	0.305	0.305	0.3	0.3	1390000
2019/6/11	0.305	0.315	0.305	0.315	355500
2019/6/12	0.31	0.315	0.31	0.31	167600
2019/6/13	0.31	0.31	0.305	0.31	71000
2019/6/14	0.305	0.315	0.305	0.315	403000
2019/6/17	0.31	0.31	0.305	0.305	189100
2019/6/18	0.31	0.31	0.3	0.305	454400
2019/6/19	0.305	0.305	0.3	0.3	437500
2019/6/20	0.305	0.305	0.3	0.3	536000
2019/6/21	0.3	0.305	0.3	0.305	33000
2019/6/24	0.305	0.305	0.285	0.3	626100
2019/6/25	0.3	0.3	0.3	0.3	349000
2019/6/26	0.295	0.295	0.29	0.295	525000
2019/6/27	0.295	0.3	0.295	0.3	18000
2019/6/28	0.3	0.305	0.3	0.3	59500
2019/7/1	0.3	0.32	0.3	0.32	1689900
2019/7/2	0.315	0.32	0.315	0.32	1199600
2019/7/3	0.32	0.355	0.32	0.355	2812300
2019/7/4	0.355	0.39	0.35	0.39	2516500
2019/7/5	0.395	0.455	0.395	0.44	9782100
2019/7/8	0.445	0.465	0.41	0.45	3190000
2019/7/9	0.445	0.465	0.43	0.44	904500
2019/7/10	0.44	0.445	0.35	0.435	1990600
2019/7/11	0.435	0.45	0.435	0.45	701300
2019/7/12	0.45	0.48	0.45	0.47	3053300
2019/7/15	0.475	0.525	0.475	0.525	5924100
2019/7/16	0.525	0.555	0.5	0.51	5545700
2019/7/17	0.51	0.52	0.475	0.475	4514000
2019/7/18	0.475	0.485	0.45	0.455	3028100
2019/7/19	0.46	0.47	0.435	0.435	3749800
2019/7/22	0.435	0.465	0.415	0.43	2167700
2019/7/23	0.43	0.47	0.43	0.465	3592700
2019/7/24	0.465	0.47	0.445	0.45	2210000
2019/7/25	0.445	0.45	0.43	0.45	588300
2019/7/26	0.445	0.45	0.43	0.44	2526900
2019/7/29	0.445	0.455	0.43	0.43	2771800
2019/7/31	0.43	0.435	0.425	0.43	802400
2019/8/1	0.43	0.52	0.425	0.515	9425100
2019/8/2	0.5	0.51	0.485	0.495	2739600
2019/8/5	0.495	0.495	0.455	0.46	1220000
2019/8/6	0.445	0.48	0.43	0.47	3180300
2019/8/7	0.47	0.47	0.435	0.445	3104500
2019/8/8	0.445	0.47	0.445	0.465	1978900
2019/8/9	0.465	0.465	0.45	0.455	455600
2019/8/13	0.455	0.455	0.435	0.44	1149200
2019/8/14	0.45	0.46	0.445	0.45	889400
2019/8/15	0.435	0.46	0.43	0.445	968300
2019/8/16	0.45	0.48	0.445	0.48	2196200
2019/8/19	0.485	0.515	0.48	0.51	5269800
2019/8/20	0.52	0.525	0.5	0.5	4662400
2019/8/21	0.485	0.515	0.48	0.5	3405400
2019/8/22	0.5	0.57	0.5	0.57	17612600
2019/8/23	0.57	0.58	0.55	0.56	5800800
2019/8/26	0.54	0.6	0.53	0.59	8504000
2019/8/27	0.6	0.65	0.6	0.645	17014400
2019/8/28	0.645	0.655	0.585	0.6	9228600
2019/8/29	0.595	0.62	0.59	0.6	2324400
2019/8/30	0.595	0.615	0.59	0.6	2382100
2019/9/3	0.61	0.61	0.585	0.585	1789000
2019/9/4	0.575	0.64	0.575	0.625	5293100
2019/9/5	0.63	0.65	0.605	0.61	4570600
2019/9/6	0.61	0.62	0.6	0.61	1116800
2019/9/10	0.62	0.62	0.59	0.6	933600
2019/9/11	0.595	0.625	0.595	0.62	2218300
2019/9/12	0.625	0.695	0.625	0.675	14975400
2019/9/13	0.675	0.685	0.66	0.66	3647200
2019/9/17	0.66	0.7	0.66	0.67	4613600
2019/9/18	0.67	0.675	0.64	0.655	3096000
2019/9/19	0.65	0.665	0.635	0.635	2830500
2019/9/20	0.635	0.68	0.635	0.675	6820000
2019/9/23	0.675	0.68	0.645	0.65	2633000
2019/9/24	0.645	0.66	0.645	0.65	1866900
2019/9/25	0.645	0.645	0.61	0.62	3895300
2019/9/26	0.615	0.63	0.61	0.615	1559100
2019/9/27	0.61	0.67	0.61	0.655	9184100
2019/9/30	0.66	0.73	0.66	0.7	11600900
2019/10/1	0.705	0.805	0.705	0.795	12530000
2019/10/2	0.79	0.81	0.76	0.77	5803800
2019/10/3	0.76	0.835	0.755	0.83	9412200
2019/10/4	0.84	0.865	0.82	0.845	8367700
2019/10/7	0.85	0.85	0.8	0.825	6560500
2019/10/8	0.82	0.865	0.815	0.83	6277100
2019/10/9	0.835	0.84	0.815	0.83	2327300
2019/10/10	0.83	0.835	0.82	0.83	1022200
2019/10/11	0.83	0.86	0.815	0.83	7549600
2019/10/14	0.83	0.9	0.83	0.9	10431100
2019/10/15	0.91	0.94	0.89	0.9	10686100
2019/10/16	0.895	0.895	0.875	0.885	2401200
2019/10/17	0.89	0.89	0.87	0.87	1604800
2019/10/18	0.87	0.9	0.855	0.88	3298100
2019/10/21	0.88	0.94	0.88	0.935	6794600
2019/10/22	0.94	0.96	0.905	0.905	4782500
2019/10/23	0.905	0.925	0.905	0.91	594200
2019/10/24	0.92	0.95	0.91	0.95	3086500
2019/10/25	0.955	0.985	0.935	0.94	3945500
2019/10/29	0.95	0.96	0.935	0.945	1102300
2019/10/30	0.945	0.95	0.92	0.93	1427700
2019/10/31	0.93	0.95	0.93	0.95	2672300
2019/11/1	0.945	0.98	0.935	0.975	7392300
2019/11/4	0.98	0.985	0.94	0.94	2484100
2019/11/5	0.94	0.955	0.925	0.945	2396500
2019/11/6	0.95	0.95	0.92	0.925	1716400
2019/11/7	0.92	0.935	0.82	0.835	7880700
2019/11/8	0.845	0.88	0.845	0.86	3812500
2019/11/11	0.865	0.865	0.795	0.82	4205200
2019/11/12	0.82	0.835	0.805	0.82	1335000
2019/11/13	0.82	0.82	0.805	0.805	837900
2019/11/14	0.805	0.86	0.805	0.85	3954300
2019/11/15	0.86	0.895	0.86	0.865	5620300
2019/11/18	0.875	0.885	0.87	0.88	2308600
2019/11/19	0.88	0.88	0.86	0.865	1567000
2019/11/20	0.865	0.865	0.83	0.84	1257100
2019/11/21	0.835	0.865	0.83	0.845	1177400
2019/11/22	0.835	0.85	0.82	0.835	521900
2019/11/25	0.77	0.79	0.745	0.745	5333800
2019/11/26	0.745	0.745	0.69	0.7	2071400
2019/11/27	0.69	0.745	0.675	0.73	4750300
2019/11/28	0.73	0.74	0.665	0.675	3577000
2019/11/29	0.67	0.675	0.66	0.675	961900
2019/12/2	0.665	0.715	0.665	0.7	1856700
2019/12/3	0.7	0.715	0.675	0.68	1648300
2019/12/4	0.695	0.695	0.675	0.68	596300
2019/12/5	0.69	0.715	0.685	0.7	2386300
2019/12/6	0.705	0.71	0.68	0.68	703700
2019/12/9	0.685	0.7	0.675	0.675	1081300
2019/12/10	0.675	0.675	0.66	0.665	935700
2019/12/11	0.665	0.69	0.66	0.68	822600
2019/12/12	0.675	0.69	0.67	0.675	290900
2019/12/13	0.67	0.68	0.67	0.675	316300
2019/12/16	0.68	0.71	0.675	0.705	843200
2019/12/17	0.725	0.775	0.725	0.77	5492100
2019/12/18	0.78	0.805	0.77	0.78	2951800
2019/12/19	0.785	0.785	0.73	0.73	1758500
2019/12/20	0.73	0.735	0.715	0.715	1113400
2019/12/23	0.71	0.725	0.7	0.72	512300
2019/12/24	0.725	0.8	0.725	0.78	2127000
2019/12/26	0.785	0.9	0.785	0.87	8864500
2019/12/27	0.875	0.9	0.87	0.89	1955500
2019/12/30	0.89	0.9	0.875	0.885	1441300
2019/12/31	0.885	0.885	0.865	0.87	641700
2020/1/2	0.885	0.945	0.885	0.925	3802700
2020/1/3	0.93	0.945	0.905	0.92	1470900
2020/1/6	0.915	0.915	0.85	0.865	1223400
2020/1/7	0.865	0.89	0.86	0.875	567000
2020/1/8	0.86	0.86	0.815	0.82	1441400
2020/1/9	0.845	0.85	0.835	0.85	600100
2020/1/10	0.855	0.9	0.855	0.865	1032700
2020/1/13	0.865	0.895	0.855	0.895	619800
2020/1/14	0.9	0.935	0.89	0.925	2532600
2020/1/15	0.94	0.95	0.91	0.92	1930000
2020/1/16	0.92	0.925	0.89	0.89	616700
2020/1/17	0.89	0.9	0.87	0.88	1454500
2020/1/20	0.905	0.905	0.86	0.875	1798500
2020/1/21	0.875	0.875	0.845	0.845	790100
2020/1/22	0.84	0.865	0.835	0.845	370000
2020/1/23	0.845	0.89	0.84	0.885	1955400
2020/1/24	0.89	0.895	0.86	0.86	746100
2020/1/28	0.835	0.86	0.805	0.835	1031200
2020/1/29	0.835	0.865	0.835	0.855	1079600
2020/1/30	0.855	0.875	0.835	0.855	1442100
2020/1/31	0.855	0.905	0.82	0.84	4970400
2020/2/3	0.81	0.84	0.79	0.825	1670700
2020/2/4	0.825	0.905	0.825	0.895	5714900
2020/2/5	0.915	0.94	0.88	0.885	12906900
2020/2/6	0.885	0.93	0.88	0.93	3613100
2020/2/7	0.94	0.995	0.925	0.97	23647600
2020/2/10	0.96	1.02	0.955	0.995	21050400
2020/2/11	1	1	0.965	0.99	5269000
2020/2/12	0.99	1.03	0.955	0.975	15855700
2020/2/13	0.98	0.995	0.96	0.975	4921000
2020/2/14	0.97	0.99	0.945	0.96	4976000
2020/2/17	0.955	0.975	0.87	0.895	15030400
2020/2/18	0.895	0.895	0.825	0.84	7228000
2020/2/19	0.84	0.89	0.84	0.875	11568900
2020/2/20	0.875	0.895	0.84	0.875	5987800
2020/2/21	0.865	0.865	0.845	0.845	2480700
2020/2/24	0.82	0.82	0.76	0.77	6599700
2020/2/25	0.745	0.785	0.74	0.765	3393100
2020/2/26	0.765	0.785	0.74	0.76	3554000
2020/2/27	0.76	0.76	0.69	0.69	5270000
2020/2/28	0.665	0.67	0.61	0.645	3756800
2020/3/2	0.655	0.68	0.61	0.675	1922700
2020/3/3	0.7	0.7	0.64	0.66	1644400
2020/3/4	0.64	0.665	0.64	0.66	1087700
2020/3/5	0.66	0.695	0.66	0.675	2112900
2020/3/6	0.675	0.675	0.655	0.66	824300
2020/3/9	0.64	0.64	0.5	0.5	2957100
2020/3/10	0.475	0.54	0.47	0.515	3015100
2020/3/11	0.52	0.54	0.505	0.505	1817300
2020/3/12	0.5	0.5	0.4	0.415	4194400
2020/3/13	0.39	0.42	0.36	0.4	4176000
2020/3/16	0.37	0.385	0.33	0.335	2012400
2020/3/17	0.3	0.35	0.29	0.34	4184300
2020/3/18	0.345	0.36	0.29	0.29	3737600
2020/3/19	0.3	0.3	0.255	0.27	2401100
2020/3/20	0.28	0.325	0.275	0.325	5994900
2020/3/23	0.29	0.305	0.275	0.28	4310400
2020/3/24	0.295	0.33	0.29	0.32	7500600
2020/3/25	0.345	0.35	0.29	0.32	7909000
2020/3/26	0.325	0.34	0.31	0.32	4352900
2020/3/27	0.335	0.36	0.325	0.325	9270700
2020/3/30	0.315	0.345	0.315	0.325	4518400
2020/3/31	0.34	0.38	0.34	0.37	20583200
2020/4/1	0.375	0.435	0.36	0.37	26020400
2020/4/2	0.38	0.415	0.38	0.405	15704200
2020/4/3	0.415	0.415	0.385	0.39	7106600
2020/4/6	0.4	0.435	0.39	0.415	12759200
2020/4/7	0.445	0.47	0.415	0.46	20382600
2020/4/8	0.435	0.46	0.415	0.415	14349900
2020/4/9	0.435	0.45	0.425	0.43	11080100
2020/4/10	0.435	0.44	0.385	0.405	12863000
2020/4/13	0.4	0.41	0.385	0.39	5570800
2020/4/14	0.39	0.42	0.385	0.405	8975900
2020/4/15	0.415	0.44	0.41	0.415	15996600
2020/4/16	0.41	0.44	0.405	0.43	7180200
2020/4/17	0.445	0.545	0.445	0.535	38114700
2020/4/20	0.54	0.57	0.52	0.53	21648900
2020/4/21	0.525	0.55	0.49	0.51	13429000
2020/4/22	0.49	0.56	0.48	0.56	24215300
2020/4/23	0.57	0.605	0.56	0.575	33734900
2020/4/24	0.58	0.59	0.57	0.57	6126000
2020/4/27	0.575	0.575	0.545	0.555	18163800
2020/4/28	0.555	0.58	0.535	0.555	20263700
2020/4/29	0.56	0.585	0.555	0.575	15187300
2020/4/30	0.59	0.64	0.58	0.585	30718500
2020/5/4	0.565	0.595	0.555	0.575	12652400
2020/5/5	0.585	0.61	0.585	0.61	12001400
2020/5/6	0.6	0.615	0.585	0.585	8915800
2020/5/8	0.595	0.605	0.59	0.59	5129800
2020/5/12	0.595	0.62	0.59	0.605	14621200
2020/5/13	0.6	0.615	0.565	0.585	12067100
2020/5/14	0.57	0.59	0.545	0.55	5993100
2020/5/15	0.56	0.575	0.55	0.56	5159200
2020/5/18	0.555	0.565	0.54	0.545	6159600
2020/5/19	0.53	0.535	0.49	0.505	6421400
2020/5/20	0.505	0.535	0.5	0.52	4140500
2020/5/21	0.53	0.53	0.505	0.51	4031500
2020/5/22	0.51	0.51	0.485	0.495	3002800
2020/5/27	0.495	0.51	0.495	0.495	1658800
2020/5/28	0.5	0.53	0.495	0.505	3766900
2020/5/29	0.505	0.52	0.505	0.51	1640100
2020/6/1	0.51	0.535	0.51	0.52	4410400
2020/6/2	0.525	0.56	0.52	0.555	10491600
2020/6/3	0.565	0.57	0.525	0.545	3765800
2020/6/4	0.545	0.55	0.535	0.54	1423900
2020/6/5	0.545	0.545	0.52	0.525	2420900
2020/6/9	0.53	0.555	0.53	0.53	5918400
2020/6/10	0.54	0.585	0.535	0.565	16559100
2020/6/11	0.57	0.58	0.525	0.525	7171600
2020/6/12	0.485	0.52	0.47	0.52	3371400
2020/6/15	0.505	0.515	0.455	0.46	5242100
2020/6/16	0.49	0.495	0.475	0.485	4253100
2020/6/17	0.49	0.515	0.475	0.505	3233700
2020/6/18	0.515	0.515	0.49	0.495	1160600
2020/6/19	0.495	0.51	0.49	0.505	820800
2020/6/22	0.5	0.53	0.495	0.51	5055200
2020/6/23	0.52	0.52	0.5	0.51	1625000
2020/6/24	0.515	0.53	0.505	0.505	5240700
2020/6/25	0.5	0.505	0.48	0.485	3510200
2020/6/26	0.49	0.495	0.48	0.48	959800
2020/6/29	0.475	0.48	0.47	0.48	1256600
2020/6/30	0.48	0.495	0.475	0.485	1829300
2020/7/1	0.49	0.5	0.48	0.49	1143900
2020/7/2	0.485	0.505	0.475	0.5	3684400
2020/7/3	0.505	0.54	0.5	0.515	10870100
2020/7/6	0.52	0.525	0.51	0.52	1438400
2020/7/7	0.525	0.53	0.5	0.51	1996100
2020/7/8	0.51	0.52	0.505	0.51	2170900
2020/7/9	0.515	0.535	0.505	0.52	7514400
2020/7/10	0.515	0.52	0.5	0.505	2490500
2020/7/13	0.505	0.515	0.495	0.505	1378600
2020/7/14	0.5	0.51	0.49	0.495	3208100
2020/7/15	0.505	0.515	0.495	0.505	2575500
2020/7/16	0.505	0.51	0.48	0.49	2263900
2020/7/17	0.485	0.495	0.48	0.485	2325500
2020/7/20	0.49	0.49	0.475	0.475	1331100
2020/7/21	0.485	0.49	0.475	0.48	1384700
2020/7/22	0.485	0.5	0.485	0.485	2437100
2020/7/23	0.485	0.495	0.48	0.48	1207200
2020/7/24	0.475	0.475	0.47	0.475	988900
2020/7/27	0.475	0.48	0.465	0.475	1564700
2020/7/28	0.47	0.52	0.47	0.52	6385300
2020/7/29	0.52	0.52	0.49	0.49	2844700
2020/7/30	0.495	0.505	0.485	0.495	2711000
2020/8/3	0.5	0.545	0.495	0.545	8458900
2020/8/4	0.555	0.59	0.53	0.555	9511800
2020/8/5	0.57	0.625	0.565	0.61	12033700
2020/8/6	0.62	0.65	0.59	0.61	7568800
2020/8/7	0.61	0.615	0.53	0.54	3595800
2020/8/10	0.54	0.54	0.49	0.505	4994200
2020/8/11	0.51	0.54	0.5	0.52	3253900
2020/8/12	0.515	0.515	0.485	0.505	2024100
2020/8/13	0.505	0.51	0.5	0.5	883300
2020/8/14	0.5	0.5	0.475	0.48	2430400
2020/8/17	0.48	0.49	0.47	0.485	1626500
2020/8/18	0.495	0.495	0.485	0.49	600800
2020/8/19	0.49	0.51	0.49	0.505	1297800
2020/8/21	0.49	0.515	0.49	0.505	1448800
2020/8/24	0.505	0.515	0.5	0.5	533600
2020/8/25	0.49	0.49	0.475	0.475	1707900
2020/8/26	0.48	0.515	0.48	0.505	1946900
2020/8/27	0.505	0.505	0.48	0.485	1035300
2020/8/28	0.485	0.485	0.48	0.485	338000
2020/9/1	0.485	0.485	0.475	0.485	622700
2020/9/2	0.485	0.5	0.475	0.49	1424900
2020/9/3	0.49	0.495	0.475	0.48	748800
2020/9/4	0.48	0.48	0.475	0.48	227600
2020/9/7	0.48	0.48	0.465	0.47	1018500
2020/9/8	0.47	0.475	0.46	0.465	687800
2020/9/9	0.46	0.46	0.45	0.46	701100
2020/9/10	0.46	0.46	0.42	0.43	1199500
2020/9/11	0.42	0.45	0.42	0.435	690300
2020/9/14	0.435	0.455	0.435	0.45	230400
2020/9/15	0.45	0.45	0.445	0.45	284300
2020/9/17	0.455	0.455	0.445	0.445	83600
2020/9/18	0.44	0.445	0.44	0.44	490000
2020/9/21	0.44	0.44	0.43	0.43	522300
2020/9/22	0.43	0.435	0.425	0.425	266300
2020/9/23	0.43	0.435	0.43	0.43	345900
2020/9/24	0.44	0.44	0.435	0.435	172300
2020/9/25	0.44	0.44	0.43	0.44	340500
2020/9/28	0.435	0.44	0.43	0.43	587100
2020/9/29	0.435	0.44	0.425	0.43	587700
2020/9/30	0.43	0.44	0.43	0.43	262000
2020/10/1	0.435	0.44	0.435	0.44	64700
2020/10/2	0.445	0.445	0.43	0.435	233100
2020/10/5	0.435	0.435	0.425	0.435	671600
2020/10/6	0.435	0.44	0.425	0.425	330100
2020/10/7	0.425	0.43	0.42	0.43	276100
2020/10/8	0.43	0.43	0.425	0.425	21000
2020/10/9	0.425	0.43	0.425	0.43	143700
2020/10/12	0.425	0.435	0.425	0.43	173000
2020/10/13	0.43	0.435	0.43	0.435	134000
2020/10/14	0.435	0.455	0.435	0.455	348800
2020/10/15	0.46	0.485	0.45	0.48	2241300
2020/10/16	0.49	0.5	0.465	0.47	3409200
2020/10/19	0.47	0.48	0.455	0.46	2348300
2020/10/20	0.46	0.47	0.455	0.46	900100
2020/10/21	0.465	0.485	0.455	0.46	3611000
2020/10/22	0.455	0.465	0.45	0.45	643000
2020/10/23	0.455	0.46	0.435	0.435	1136400
2020/10/26	0.44	0.44	0.415	0.425	1621100
2020/10/27	0.43	0.435	0.42	0.43	671900
2020/10/28	0.425	0.425	0.415	0.42	850000
2020/10/30	0.415	0.415	0.4	0.405	1019900
2020/11/2	0.4	0.405	0.395	0.405	686600
2020/11/3	0.405	0.41	0.405	0.41	156900
2020/11/4	0.41	0.43	0.41	0.425	711700
2020/11/5	0.425	0.44	0.425	0.44	601400
2020/11/6	0.445	0.445	0.425	0.43	640400
2020/11/9	0.435	0.435	0.415	0.425	720000
2020/11/10	0.43	0.44	0.425	0.435	622400
2020/11/11	0.43	0.445	0.42	0.43	695400
2020/11/12	0.435	0.445	0.43	0.44	507500
2020/11/13	0.44	0.44	0.43	0.43	496500
2020/11/16	0.43	0.45	0.43	0.445	769600
2020/11/17	0.445	0.445	0.43	0.43	592700
2020/11/18	0.435	0.435	0.43	0.43	212400
2020/11/19	0.44	0.46	0.435	0.45	1720100
2020/11/20	0.455	0.47	0.45	0.455	1217400
2020/11/23	0.455	0.455	0.425	0.43	1480000
2020/11/24	0.41	0.415	0.4	0.405	2580800
2020/11/25	0.405	0.415	0.4	0.41	1226800
2020/11/26	0.41	0.415	0.405	0.415	365700
2020/11/27	0.415	0.42	0.41	0.42	213000
2020/11/30	0.42	0.43	0.415	0.425	1068900
2020/12/1	0.42	0.43	0.42	0.43	876300
2020/12/2	0.43	0.43	0.42	0.43	645300
2020/12/3	0.425	0.425	0.42	0.425	665800
2020/12/4	0.42	0.435	0.42	0.425	677000
2020/12/7	0.425	0.46	0.42	0.445	1622500
2020/12/8	0.445	0.445	0.425	0.435	472300
2020/12/9	0.435	0.435	0.43	0.43	381800
2020/12/10	0.43	0.43	0.425	0.425	360700
2020/12/11	0.425	0.44	0.425	0.435	584400
2020/12/14	0.44	0.45	0.435	0.435	1294400
2020/12/15	0.43	0.43	0.42	0.425	462600
2020/12/16	0.425	0.435	0.425	0.43	230900
2020/12/17	0.435	0.435	0.425	0.43	249400
2020/12/18	0.43	0.43	0.415	0.42	1656800
2020/12/21	0.415	0.42	0.415	0.42	423700
2020/12/22	0.42	0.42	0.405	0.41	827900
2020/12/23	0.41	0.415	0.41	0.415	495900
2020/12/24	0.415	0.42	0.41	0.415	441700
2020/12/28	0.415	0.42	0.415	0.42	91600
2020/12/29	0.42	0.425	0.415	0.415	383500
2020/12/30	0.415	0.435	0.415	0.425	1339400
2020/12/31	0.42	0.425	0.42	0.42	413800
2021/1/4	0.42	0.425	0.415	0.415	386400
2021/1/5	0.42	0.505	0.42	0.505	8537200
2021/1/6	0.515	0.525	0.46	0.48	7233600
2021/1/7	0.48	0.48	0.45	0.45	2807900
2021/1/8	0.45	0.465	0.43	0.43	3253300
2021/1/11	0.43	0.45	0.42	0.44	1983800
2021/1/12	0.44	0.495	0.42	0.495	3994600
2021/1/13	0.495	0.565	0.485	0.54	26058700
2021/1/14	0.545	0.59	0.535	0.585	13807800
2021/1/15	0.58	0.69	0.55	0.55	53729400
2021/1/18	0.565	0.675	0.565	0.64	19623100
2021/1/19	0.67	0.68	0.6	0.6	11579100
2021/1/20	0.605	0.64	0.58	0.615	6126900
2021/1/21	0.62	0.625	0.585	0.59	3729200
2021/1/22	0.585	0.635	0.585	0.625	4401500
2021/1/25	0.62	0.62	0.565	0.58	4474700
2021/1/26	0.595	0.625	0.585	0.6	3995700
2021/1/27	0.6	0.65	0.6	0.625	10037000
2021/1/29	0.615	0.615	0.585	0.6	5475100
2021/2/2	0.59	0.615	0.59	0.59	2882000
2021/2/3	0.595	0.61	0.595	0.595	2439400
2021/2/4	0.6	0.675	0.595	0.675	21807500
2021/2/5	0.68	0.75	0.66	0.69	27255600
2021/2/8	0.695	0.715	0.67	0.685	6156000
2021/2/9	0.685	0.73	0.685	0.69	13511500
2021/2/10	0.69	0.725	0.63	0.645	11649300
2021/2/11	0.64	0.66	0.63	0.66	1575200
2021/2/15	0.665	0.685	0.65	0.67	4848900
2021/2/16	0.675	0.7	0.665	0.68	7506600
2021/2/17	0.675	0.68	0.65	0.655	3581900
2021/2/18	0.655	0.655	0.635	0.645	3225100
2021/2/19	0.645	0.645	0.61	0.63	3797600
2021/2/22	0.63	0.64	0.61	0.61	3326100
2021/2/23	0.61	0.625	0.61	0.62	1123400
2021/2/24	0.59	0.595	0.565	0.58	7958500
2021/2/25	0.6	0.62	0.585	0.595	4166200
2021/2/26	0.585	0.595	0.575	0.585	1629800
2021/3/1	0.59	0.6	0.575	0.585	1763500
2021/3/2	0.59	0.62	0.58	0.58	3115000
2021/3/3	0.58	0.59	0.575	0.575	838200
2021/3/4	0.575	0.575	0.565	0.565	1192600
2021/3/5	0.56	0.565	0.545	0.55	2427200
2021/3/8	0.55	0.55	0.535	0.535	862300
2021/3/9	0.53	0.53	0.515	0.53	1239100
2021/3/10	0.54	0.56	0.53	0.55	490400
2021/3/11	0.56	0.56	0.54	0.55	435100
2021/3/12	0.55	0.58	0.545	0.575	2258100
2021/3/15	0.575	0.575	0.555	0.57	940200
2021/3/16	0.56	0.57	0.55	0.555	407300
2021/3/17	0.555	0.56	0.55	0.555	369900
2021/3/18	0.555	0.575	0.555	0.575	1194000
2021/3/19	0.57	0.59	0.565	0.575	764200
2021/3/22	0.58	0.585	0.57	0.57	832600
2021/3/23	0.575	0.58	0.56	0.565	464200
2021/3/24	0.57	0.57	0.56	0.56	306000
2021/3/25	0.56	0.565	0.555	0.565	307300
2021/3/26	0.565	0.575	0.565	0.575	231400
2021/3/29	0.575	0.585	0.57	0.575	640300
2021/3/30	0.575	0.575	0.545	0.56	1452900
2021/3/31	0.55	0.56	0.545	0.55	284500
2021/4/1	0.55	0.56	0.55	0.55	191500
2021/4/2	0.555	0.565	0.55	0.565	238300
2021/4/5	0.565	0.58	0.56	0.56	1052800
2021/4/6	0.56	0.57	0.555	0.565	412200
2021/4/7	0.575	0.66	0.575	0.595	22999800
2021/4/8	0.6	0.605	0.575	0.58	4119500
2021/4/9	0.58	0.6	0.575	0.585	3055500
2021/4/12	0.585	0.615	0.58	0.59	2778400
2021/4/13	0.59	0.595	0.58	0.59	1040700
2021/4/14	0.585	0.605	0.585	0.6	1108700
2021/4/15	0.605	0.615	0.59	0.59	1951800
2021/4/16	0.59	0.595	0.58	0.58	1654000
2021/4/19	0.58	0.59	0.56	0.565	1971900
2021/4/20	0.565	0.57	0.56	0.57	939800
2021/4/21	0.565	0.585	0.565	0.57	1779400
2021/4/22	0.565	0.575	0.565	0.575	752500
2021/4/23	0.575	0.59	0.57	0.58	819000
2021/4/26	0.58	0.58	0.57	0.575	1861800
2021/4/27	0.575	0.61	0.575	0.585	3172200
2021/4/28	0.595	0.605	0.585	0.595	1501500
2021/4/30	0.6	0.605	0.59	0.595	944200
2021/5/3	0.595	0.595	0.58	0.58	877200
2021/5/4	0.58	0.595	0.58	0.59	674400
2021/5/5	0.59	0.59	0.58	0.585	760900
2021/5/6	0.58	0.58	0.565	0.575	1307900
2021/5/7	0.58	0.58	0.565	0.575	521600
2021/5/10	0.57	0.57	0.56	0.565	492600
2021/5/11	0.56	0.56	0.545	0.555	1017800
2021/5/12	0.55	0.555	0.55	0.555	147300
2021/5/17	0.55	0.56	0.54	0.545	640000
2021/5/18	0.545	0.555	0.545	0.555	283400
2021/5/19	0.56	0.56	0.53	0.53	446000
2021/5/20	0.53	0.55	0.525	0.535	455300
2021/5/21	0.52	0.53	0.5	0.52	842000
2021/5/24	0.515	0.535	0.515	0.53	476300
2021/5/25	0.51	0.52	0.5	0.515	1534700
2021/5/27	0.51	0.52	0.51	0.51	442100
2021/5/28	0.51	0.52	0.51	0.52	338700
2021/5/31	0.5	0.51	0.5	0.505	869200
2021/6/1	0.505	0.515	0.5	0.515	1013800
2021/6/2	0.505	0.515	0.505	0.515	607900
2021/6/3	0.52	0.52	0.505	0.515	286100
2021/6/4	0.51	0.515	0.51	0.515	417600
2021/6/8	0.52	0.52	0.51	0.515	345800
2021/6/9	0.515	0.53	0.515	0.52	523000
2021/6/10	0.53	0.55	0.525	0.545	873300
2021/6/11	0.545	0.55	0.535	0.545	343000
2021/6/14	0.545	0.545	0.54	0.545	172700
2021/6/15	0.54	0.625	0.54	0.57	16057700
2021/6/16	0.565	0.565	0.545	0.55	1094300
2021/6/17	0.545	0.545	0.53	0.535	1163300
2021/6/18	0.535	0.555	0.525	0.54	2476300
2021/6/21	0.535	0.54	0.525	0.535	393700
2021/6/22	0.535	0.54	0.525	0.53	475200
2021/6/23	0.53	0.53	0.515	0.52	727700
2021/6/24	0.52	0.52	0.505	0.515	886600
2021/6/25	0.515	0.515	0.505	0.51	797600
2021/6/28	0.5	0.5	0.495	0.5	872500
2021/6/29	0.5	0.505	0.495	0.5	321300
2021/6/30	0.495	0.5	0.49	0.5	499100
2021/7/1	0.5	0.505	0.5	0.505	225700
2021/7/2	0.505	0.515	0.5	0.505	760100
2021/7/5	0.51	0.53	0.51	0.52	640000
2021/7/6	0.52	0.525	0.505	0.515	344500
2021/7/7	0.51	0.51	0.505	0.505	292800
2021/7/8	0.5	0.505	0.49	0.495	1021800
2021/7/9	0.5	0.505	0.495	0.505	160200
2021/7/12	0.495	0.5	0.495	0.5	373500
2021/7/13	0.495	0.5	0.49	0.5	173200
2021/7/14	0.5	0.5	0.485	0.49	319900
2021/7/15	0.49	0.5	0.49	0.495	194700
2021/7/16	0.49	0.49	0.48	0.49	994900
2021/7/19	0.49	0.49	0.48	0.49	692000
2021/7/21	0.485	0.485	0.47	0.47	1766800
2021/7/22	0.475	0.485	0.465	0.48	1075200
2021/7/23	0.49	0.53	0.49	0.515	3304700
2021/7/26	0.52	0.52	0.5	0.515	1148600
2021/7/27	0.515	0.585	0.515	0.57	6915000
2021/7/28	0.575	0.595	0.555	0.57	4432400
2021/7/29	0.56	0.585	0.56	0.565	3579500
2021/7/30	0.56	0.6	0.56	0.6	11042200
2021/8/2	0.6	0.66	0.585	0.6	35306600
2021/8/3	0.59	0.595	0.575	0.585	4569100
2021/8/4	0.58	0.615	0.575	0.605	5672400
2021/8/5	0.615	0.635	0.6	0.615	7782600
2021/8/6	0.615	0.725	0.61	0.69	31243300
2021/8/9	0.68	0.72	0.67	0.705	9591400
2021/8/11	0.71	0.75	0.7	0.72	11713500
2021/8/12	0.725	0.725	0.665	0.675	6675000
2021/8/13	0.675	0.69	0.655	0.69	5719200
2021/8/16	0.675	0.69	0.665	0.68	2264400
2021/8/17	0.68	0.735	0.67	0.675	10205800
2021/8/18	0.655	0.66	0.625	0.65	9257400
2021/8/19	0.65	0.675	0.63	0.65	6045700
2021/8/20	0.65	0.65	0.635	0.635	1808200
2021/8/23	0.64	0.69	0.64	0.64	8251200
2021/8/24	0.67	0.675	0.65	0.655	5930900
2021/8/25	0.655	0.735	0.645	0.735	12558700
2021/8/26	0.73	0.765	0.66	0.67	16040900
2021/8/27	0.67	0.685	0.625	0.63	9424600
2021/8/30	0.63	0.655	0.63	0.635	3071100
2021/9/1	0.64	0.65	0.62	0.63	4276000
2021/9/2	0.63	0.645	0.625	0.645	2586300
2021/9/3	0.645	0.66	0.63	0.655	4015700
2021/9/6	0.66	0.71	0.66	0.705	8912000
2021/9/7	0.71	0.725	0.67	0.685	7247700
2021/9/8	0.685	0.685	0.66	0.66	3574000
2021/9/9	0.66	0.66	0.635	0.64	5517100
2021/9/10	0.635	0.665	0.635	0.655	5583200
2021/9/13	0.655	0.655	0.625	0.63	4165000
2021/9/14	0.63	0.645	0.605	0.62	4807200
2021/9/15	0.61	0.62	0.59	0.61	5682200
2021/9/17	0.61	0.64	0.605	0.635	4540000
2021/9/20	0.635	0.635	0.605	0.615	5096000
2021/9/21	0.615	0.625	0.605	0.615	2615400
2021/9/22	0.61	0.635	0.61	0.62	1906700
2021/9/23	0.62	0.65	0.62	0.65	3983300
2021/9/24	0.65	0.68	0.65	0.665	9382600
2021/9/27	0.66	0.67	0.655	0.655	1363600
2021/9/28	0.66	0.68	0.65	0.655	4624000
2021/9/29	0.65	0.675	0.625	0.675	5885300
2021/9/30	0.675	0.705	0.665	0.67	11683700
2021/10/1	0.66	0.675	0.645	0.65	2427400
2021/10/4	0.64	0.68	0.64	0.675	1731500
2021/10/5	0.68	0.7	0.66	0.67	4816300
2021/10/6	0.67	0.68	0.665	0.665	1864800
2021/10/7	0.665	0.715	0.66	0.71	11668300
2021/10/8	0.715	0.73	0.67	0.67	12600500
2021/10/11	0.68	0.685	0.66	0.665	4893200
2021/10/12	0.665	0.685	0.655	0.685	4003700
2021/10/13	0.685	0.7	0.665	0.675	5468800
2021/10/14	0.67	0.675	0.655	0.655	3694000
2021/10/15	0.655	0.665	0.655	0.655	2608700
2021/10/18	0.655	0.66	0.65	0.655	2774400
2021/10/20	0.655	0.67	0.65	0.65	1874600
2021/10/21	0.65	0.655	0.64	0.64	1748400
2021/10/22	0.64	0.64	0.625	0.635	2744700
2021/10/25	0.635	0.655	0.63	0.655	3115400
2021/10/26	0.655	0.655	0.63	0.64	2937900
2021/10/27	0.64	0.645	0.63	0.635	1860300
2021/10/28	0.635	0.655	0.63	0.635	2890200
2021/10/29	0.63	0.64	0.63	0.64	1152900
2021/11/1	0.625	0.635	0.625	0.63	1674800
2021/11/2	0.625	0.635	0.625	0.625	1437800
2021/11/3	0.625	0.625	0.61	0.615	1312000
2021/11/5	0.615	0.635	0.615	0.62	1008100
2021/11/8	0.62	0.63	0.615	0.62	585400
2021/11/9	0.62	0.625	0.615	0.62	937900
2021/11/10	0.62	0.635	0.615	0.625	3978400
2021/11/11	0.625	0.63	0.615	0.62	1127800
2021/11/12	0.625	0.625	0.615	0.615	1992700
2021/11/15	0.615	0.615	0.6	0.605	1170800
2021/11/16	0.605	0.615	0.585	0.59	1802100
2021/11/17	0.6	0.6	0.58	0.585	1597200
2021/11/18	0.585	0.605	0.57	0.605	1938100
2021/11/19	0.61	0.645	0.605	0.63	5352200
2021/11/22	0.625	0.63	0.615	0.625	834600
2021/11/23	0.62	0.62	0.585	0.59	1425700
2021/11/24	0.59	0.615	0.59	0.6	1328700
2021/11/25	0.59	0.605	0.59	0.6	596200
2021/11/26	0.57	0.59	0.52	0.525	7971200
2021/11/29	0.52	0.55	0.51	0.525	5446400
2021/11/30	0.52	0.545	0.515	0.54	2732700
2021/12/1	0.53	0.545	0.525	0.545	970600
2021/12/2	0.525	0.545	0.52	0.535	1043100
2021/12/6	0.53	0.53	0.505	0.52	479400
2021/12/7	0.505	0.53	0.505	0.525	411500
2021/12/8	0.53	0.54	0.53	0.54	993900
2021/12/9	0.53	0.56	0.53	0.555	1444000
2021/12/10	0.565	0.565	0.54	0.54	461000
2021/12/13	0.54	0.555	0.535	0.54	318900
2021/12/14	0.535	0.55	0.535	0.54	372100
2021/12/15	0.54	0.55	0.54	0.545	346200
2021/12/16	0.545	0.57	0.545	0.565	675600
2021/12/17	0.57	0.59	0.555	0.58	2029300
2021/12/20	0.59	0.59	0.575	0.575	731600
2021/12/21	0.57	0.585	0.565	0.575	533100
2021/12/22	0.575	0.585	0.57	0.575	260800
2021/12/23	0.57	0.575	0.555	0.56	769800
2021/12/24	0.56	0.56	0.55	0.555	371300
2021/12/27	0.545	0.575	0.545	0.565	690400
2021/12/28	0.555	0.575	0.555	0.565	232300
2021/12/29	0.575	0.575	0.565	0.57	242400
2021/12/30	0.57	0.575	0.565	0.575	307400
2021/12/31	0.575	0.58	0.555	0.56	422100
2022/1/3	0.57	0.57	0.545	0.56	613400
2022/1/4	0.555	0.555	0.545	0.55	1005600
2022/1/5	0.55	0.55	0.545	0.545	219700
2022/1/6	0.55	0.55	0.53	0.53	1113200
2022/1/7	0.53	0.54	0.52	0.54	928500
2022/1/10	0.54	0.54	0.525	0.525	482900
2022/1/11	0.53	0.545	0.51	0.53	2230200
2022/1/12	0.53	0.565	0.53	0.55	1435000
2022/1/13	0.55	0.55	0.535	0.545	475600
2022/1/14	0.54	0.54	0.51	0.515	1479300
2022/1/17	0.515	0.52	0.515	0.52	567300
2022/1/19	0.515	0.515	0.475	0.475	2707500
2022/1/20	0.48	0.485	0.475	0.485	660200
2022/1/21	0.48	0.485	0.465	0.475	955100
2022/1/24	0.475	0.515	0.475	0.51	717200
2022/1/25	0.5	0.5	0.47	0.49	631600
2022/1/26	0.48	0.495	0.48	0.495	113300
2022/1/27	0.485	0.485	0.475	0.485	346300
2022/1/28	0.48	0.49	0.48	0.485	416500
2022/1/31	0.48	0.49	0.48	0.49	60300
2022/2/3	0.48	0.5	0.475	0.485	1007900
2022/2/4	0.475	0.49	0.475	0.485	417800
2022/2/7	0.49	0.49	0.475	0.48	599000
2022/2/8	0.48	0.48	0.475	0.475	426900
2022/2/9	0.475	0.485	0.475	0.485	835000
2022/2/10	0.485	0.51	0.48	0.485	3609500
2022/2/11	0.485	0.495	0.48	0.485	469500
2022/2/14	0.485	0.485	0.475	0.475	575700
2022/2/15	0.48	0.485	0.47	0.48	1206600
2022/2/16	0.48	0.485	0.475	0.475	377900
2022/2/17	0.475	0.48	0.47	0.48	433800
2022/2/18	0.475	0.48	0.47	0.48	97200
2022/2/21	0.48	0.48	0.445	0.445	1459800
2022/2/22	0.44	0.445	0.43	0.445	743900
2022/2/23	0.44	0.44	0.43	0.44	637100
2022/2/24	0.44	0.44	0.415	0.425	836900
2022/2/25	0.43	0.43	0.41	0.415	935800
2022/2/28	0.42	0.42	0.405	0.42	381500
2022/3/1	0.41	0.41	0.4	0.41	804700
2022/3/2	0.395	0.41	0.38	0.385	1542800
2022/3/3	0.38	0.385	0.38	0.385	284700
2022/3/4	0.385	0.385	0.34	0.355	1323100
2022/3/7	0.335	0.395	0.325	0.335	1168900
2022/3/8	0.33	0.345	0.33	0.345	700100
2022/3/9	0.335	0.345	0.325	0.34	1611200
2022/3/10	0.35	0.36	0.335	0.345	1905700
2022/3/11	0.335	0.355	0.335	0.355	660500
2022/3/14	0.35	0.35	0.33	0.34	549500
2022/3/15	0.335	0.335	0.325	0.33	373400
2022/3/16	0.33	0.34	0.33	0.335	284900
2022/3/17	0.34	0.355	0.34	0.355	1047000
2022/3/18	0.355	0.36	0.335	0.35	1500200
2022/3/21	0.34	0.35	0.335	0.345	709200
2022/3/22	0.345	0.345	0.33	0.34	1606600
2022/3/23	0.34	0.36	0.34	0.36	1400500
2022/3/24	0.36	0.36	0.345	0.35	479800
2022/3/25	0.35	0.36	0.35	0.355	267800
2022/3/28	0.35	0.355	0.345	0.35	664700
2022/3/29	0.355	0.355	0.345	0.355	948300
2022/3/30	0.36	0.425	0.36	0.395	5208400
2022/3/31	0.4	0.415	0.4	0.415	1117900
2022/4/1	0.41	0.42	0.405	0.42	932500
2022/4/4	0.42	0.45	0.415	0.415	4400900
2022/4/5	0.41	0.425	0.41	0.42	1224700
2022/4/6	0.425	0.425	0.41	0.415	495500
2022/4/7	0.415	0.415	0.38	0.385	1634000
2022/4/8	0.385	0.4	0.38	0.385	1101600
2022/4/11	0.385	0.395	0.375	0.38	859600
2022/4/12	0.37	0.38	0.365	0.375	708100
2022/4/13	0.375	0.38	0.365	0.37	288800
2022/4/14	0.375	0.38	0.37	0.37	542400
2022/4/15	0.37	0.415	0.365	0.395	3356800
2022/4/18	0.405	0.405	0.39	0.395	859400
2022/4/20	0.395	0.415	0.395	0.4	1809100
2022/4/21	0.405	0.405	0.39	0.4	1057400
2022/4/22	0.39	0.39	0.38	0.385	818500
2022/4/25	0.375	0.375	0.365	0.37	849200
2022/4/26	0.375	0.375	0.365	0.37	571000
2022/4/27	0.36	0.365	0.355	0.355	1671800
2022/4/28	0.355	0.37	0.355	0.365	456300
2022/4/29	0.36	0.37	0.36	0.37	343400
2022/5/5	0.37	0.37	0.36	0.365	471100
2022/5/6	0.355	0.36	0.355	0.36	198200
2022/5/9	0.35	0.355	0.345	0.35	1005500
2022/5/10	0.345	0.35	0.345	0.35	224600
2022/5/11	0.35	0.355	0.345	0.35	131000
2022/5/12	0.345	0.35	0.34	0.34	392100
2022/5/13	0.34	0.35	0.34	0.35	450600
2022/5/17	0.34	0.35	0.34	0.35	108400
2022/5/18	0.35	0.36	0.345	0.355	333400
2022/5/19	0.35	0.36	0.345	0.35	940200
2022/5/20	0.35	0.35	0.345	0.35	254100
2022/5/23	0.345	0.35	0.345	0.345	154300
2022/5/24	0.34	0.35	0.325	0.335	1562100
2022/5/25	0.335	0.34	0.325	0.34	169200
2022/5/26	0.335	0.34	0.33	0.335	178600
2022/5/27	0.33	0.335	0.33	0.33	326900
2022/5/30	0.33	0.335	0.325	0.335	214700
2022/5/31	0.335	0.335	0.33	0.335	136200
